sample,22_16050408,age,bmi,PC1,PC2,PC3
HG00096,0,28,25.90745234,-0.327721362215131,0.378926164785225,-0.981459380957178
HG00097,1,31,29.18137981,0.120461257032138,-0.0457116874003809,1.25310340559962
HG00099,1,32,38.49912283,0.652093454540132,-0.626361719122224,-0.560705165449588
HG00100,0,28,20.09136676,-0.908215618725631,-0.352981847701467,-0.200910109712875
HG00101,0,27,28.30554801,-1.2052454324475,-0.348657922282411,0.9010976753331
HG00102,1,38,28.16950729,1.35270568080829,0.425771300650967,-2.16223017545495
HG00103,0,27,15.72558661,-0.681679076610658,1.1725619379962,-1.48273154634665
HG00104,0,28,36.29646099,0.865286997542665,0.153081731845179,-1.69024775799997
HG00106,0,29,19.37265185,0.609915310987789,2.75666236568112,0.172814041589223
HG00108,0,23,14.10905424,-0.25384783010305,1.88383785547542,-0.23013743785541
HG00109,1,36,38.22755842,-0.48789636875412,0.0100549565631216,0.574668742058033
HG00110,1,34,37.20577158,-1.05897140110862,0.145331986159828,-1.26752482188457
HG00111,0,22,22.86522526,-2.01389171884876,0.0497001440110723,1.33123551456287
HG00112,0,25,11.27271342,-1.72739145274384,1.29067192151515,0.250458465948749
HG00113,1,38,31.74199959,0.708571093203707,-1.42564199093938,0.0871868322345946
HG00114,0,22,23.07521412,-0.516839192665092,-0.0106519275384651,2.12798233279499
HG00116,0,22,17.15884235,-0.668627131698881,1.06339839740587,0.573004571062059
HG00117,0,29,19.35328712,1.59096165866918,-1.38320661028684,-1.20143640079468
HG00118,0,29,18.53172762,1.77640610262083,0.858139962739514,0.148595271218032
HG00119,0,29,38.37792057,0.355276661675199,-0.517891937253146,-2.39502862890565
HG00120,0,23,19.673053,-0.218820939315148,0.852751023145388,0.658766561993682
HG00121,1,34,25.45450032,-1.22989247355573,0.129200562691365,0.883598613276504
HG00122,0,24,16.88078038,0.260999122563363,-1.52787045199942,-0.632952448013648
HG00123,0,23,22.83074015,0.526744155453209,0.674466518617743,0.500048492562746
HG00124,0,22,11.15322591,1.66023547557533,-0.307328924802606,0.81803681717155
HG00125,0,25,11.51860923,1.85036163550161,0.345468767988839,-1.70320511709909
HG00126,0,21,17.09640939,0.0323289668726858,-2.33991265750788,0.106472368472024
HG00127,0,20,10.4198271,-1.38258888624304,-2.10091766092409,0.848639705033234
HG00128,1,32,30.24441985,-0.349686887534867,0.444804728039491,2.44644186560138
HG00129,1,37,35.30585501,-0.5462945900434,0.358251054194641,0.020136310832478
HG00130,1,33,26.01421426,-0.491761583307223,0.494021553959349,-0.203433652543358
HG00131,0,28,18.31458541,0.209761491293349,-0.508296066254027,0.689416838296917
HG00133,0,24,22.45607663,-0.464116741832627,-0.0102061104910143,-0.613767230250063
HG00134,1,32,29.21074504,0.0273984372299809,-0.413311563268348,0.336304027931531
HG00135,1,32,31.02014006,0.124011908206273,1.26193668321254,-0.953932923423581
HG00136,0,26,22.88078274,-0.289442879434647,1.66445708017349,0.466182545401842
HG00137,0,27,16.87648387,0.372806820421927,0.81465402436175,0.00870252588919022
HG00138,0,29,13.54679372,-0.747617545289978,-0.558177953024159,-0.271993939844287
HG00139,0,23,11.76432941,0.63559174928507,1.25929996675958,-0.174963998695289
HG00140,0,29,19.3868497,-1.53429088334229,1.77150334680922,-1.30759262138343
HG00141,0,30,14.01161743,0.817633336502049,-1.30692963761586,-2.35407064325472
HG00142,0,22,12.9082091,0.737434681430822,0.0137335182591436,-1.14818621474875
HG00143,0,29,14.02806648,0.809166704159298,0.392381069637882,0.356810396308643
HG00146,0,30,15.14181462,-1.32712963493258,-0.582882142911792,-0.197937936465733
HG00148,0,27,22.58036597,0.0307954036700858,-0.240019254841213,0.571769893535475
HG00149,0,25,20.7323473,0.389250143365326,0.280529315106288,0.10703085170661
HG00150,0,27,22.48523776,-0.401729162417909,-0.201590999649305,-0.457730308967579
HG00151,0,23,23.79689124,0.321652144818285,0.0231302291844031,-0.225472324422271
HG00152,0,27,24.14756897,-1.36281346968929,0.638399269198506,-2.25784113895163
HG00154,0,26,24.21490102,-1.33374835705275,-0.713684778050926,-1.34186683183984
HG00155,0,25,11.46216462,1.94074112042235,1.02604057502036,-0.923305509626088
HG00156,0,27,23.18142414,-0.332487044915869,0.806842513203706,1.95659039801481
HG00158,0,26,13.87028958,-0.24458643210356,-0.891977516369912,1.32581536951809
HG00159,0,26,15.34174967,0.978108017019469,1.98380897140633,0.92003635154861
HG00160,0,29,37.83343889,-0.289999016805061,0.0903388495640894,0.120902856060313
HG00171,0,20,21.34131258,1.70553471645987,1.98151026494026,-0.953860269726516
HG00173,0,28,21.64811094,0.051779821270917,0.239709461334207,1.52861316820008
HG00174,0,28,19.87748813,0.322272498542359,-0.534691314139981,2.58477345393869
HG00176,0,24,12.63576982,-0.308167797549694,1.9255553554086,-2.63774242742246
HG00177,0,21,12.03854876,-0.716482646716748,-0.841002365026685,0.662167422259413
HG00178,0,24,19.33539522,-0.87084538979643,-0.68183266241864,0.353395529646441
HG00179,0,22,16.30532317,-2.81662939557811,1.24078183123006,0.0674149788521933
HG00180,0,27,22.66637172,0.633337040341267,0.654152751124703,-0.0161694646302256
HG00182,0,24,18.77508819,1.22787746430684,0.878430326704253,-1.28479635512288
HG00183,0,23,19.85847768,1.06093555398028,-0.149559707375796,-0.509022232977581
HG00185,0,22,13.42089628,0.195021469211636,1.34406955593659,0.490929838548098
HG00186,0,20,19.40737652,-0.00248375715121886,-1.09703264588813,0.192208647857653
HG00187,0,25,11.42443313,0.279418995657952,-0.103313614775828,2.49996546722136
HG00188,0,27,19.58096141,1.15382986535051,0.861559125604335,0.0238823666884923
HG00189,0,20,13.69825201,-0.926081854650386,0.450547737856112,-0.208199038439113
HG00190,0,24,25.85721349,1.43216139938898,0.645530920542455,2.78949174291883
HG00231,0,30,11.07140853,0.936350060567044,0.530579489302381,-0.65159815544854
HG00232,0,21,21.8818548,-0.710609564166806,-0.345683566737701,-0.784302491211508
HG00233,0,23,11.19982717,-1.95174252147016,-0.87514353854943,-1.11491372994418
HG00234,1,32,29.8928367,-0.686981853330376,-1.24430372402741,-0.386914267339741
HG00235,1,37,35.27050603,0.342777903191844,-1.11354929226149,-1.01570596803687
HG00236,0,26,37.45575478,0.290729397877617,-0.603387958725215,1.51216444386589
HG00237,0,25,16.83189373,-1.15247267068341,0.745888056935676,1.02799329085609
HG00238,1,31,38.98181164,-2.51883564223237,-0.382118018484417,0.836999129562393
HG00239,0,21,13.33922234,1.29020706784675,1.07184020511902,2.0728954594859
HG00240,1,34,35.55391587,-0.127178544692273,0.0724614268070755,-0.996453696193256
HG00242,0,30,20.18783696,0.770822196027371,-0.416845006273779,0.379480885771345
HG00243,0,26,11.32487363,2.28215381870652,0.621878687168961,0.305312200158435
HG00244,0,29,20.11717857,1.09774228375145,-0.311403524708293,0.926150020967172
HG00245,0,28,17.74376155,-0.571033399597371,0.301756866834313,-0.570071024992108
HG00246,0,28,10.27105,-0.260677344128646,-0.417737813366711,-0.189990549836925
HG00247,0,20,23.83545803,-1.92072924846098,-1.29729659189724,-0.23272931156463
HG00249,0,23,17.45004207,0.535975266437279,0.0381972272893033,-0.625572663382892
HG00250,0,29,21.53904996,-0.397122095672644,-0.593206915007557,1.33446561977109
HG00251,0,30,14.0809833,0.381987405566425,0.127105084973682,0.62122352445992
HG00252,0,20,19.49594165,0.41654519557192,1.96091976933142,1.44618034849183
HG00253,0,20,23.84764359,-0.921915300809308,-0.434216908876482,0.447359787681038
HG00254,0,26,19.63381386,-2.53505075573448,-0.155101143369392,1.00341740736002
HG00255,1,39,36.98858724,-0.818166010466264,-0.765732092567437,0.172997814871861
HG00256,0,23,18.50028874,0.563767204701422,-2.08233692130192,0.221144331612073
HG00257,0,20,10.58743839,-0.800845062555317,0.619733953816295,-0.540522244130458
HG00258,0,24,21.71272395,0.116133117924012,-2.15995259405171,-0.0713889159642598
HG00259,0,29,20.24743544,-0.313480934121974,0.486984715306919,0.0917499317128911
HG00260,0,23,26.4683515,0.369721329522258,-0.146799823636872,-0.347793699166262
HG00261,0,30,11.0091637,0.582729223013758,-0.869515232994734,-1.26190262577114
HG00262,0,24,13.84700931,0.938693867141913,-0.772199367088925,-0.937764582384194
HG00263,0,24,18.56599166,-0.782744765077557,0.444847495956833,0.474761070111505
HG00264,0,25,14.68705641,0.359648603192156,1.17092671938121,-1.40117235083078
HG00265,0,27,22.90896381,-0.271308973236998,-0.950275249178665,-0.669986219985623
HG00266,0,28,12.23303099,1.09238671506478,0.535378669489289,-1.62953632073795
HG00267,0,26,17.77854993,1.05685412416785,0.650841658278619,-1.23744563432546
HG00268,0,23,19.602956,1.11310971959245,-0.882731518014202,-1.5086485536346
HG00269,0,23,23.14935949,-0.493364416098166,1.86734487585374,-1.29489324877217
HG00270,0,28,13.95935754,-0.713043251530934,-0.104201302153235,-0.654600084081476
HG00271,0,24,16.32527938,-0.167046090222468,-1.85087684260826,-2.56810224651225
HG00272,0,22,25.64696246,0.0207290412110166,0.233329974439191,1.04511737678052
HG00273,0,28,17.44231116,1.19938012723298,0.228936482479146,-0.590228994266635
HG00274,0,27,19.93844626,1.18243620019988,1.11121441167922,-0.995139360543408
HG00275,0,28,13.00434686,-1.6529144205702,-1.49132164612533,0.0206408749791227
HG00276,0,28,22.86570574,-0.325094999023434,-2.15886826895689,-0.266061735703778
HG00277,0,24,19.4206409,1.86410621706987,-0.00611248118210887,1.37529633923936
HG00278,0,25,10.74776311,0.927925709194247,-0.215414054910483,-0.581986662776728
HG00280,0,23,19.9253838,0.0381621597940736,0.553870444367334,1.18192261804633
HG00281,0,25,13.02201678,-1.90650388772038,-0.329876694995421,-0.154864158910055
HG00282,0,29,23.85199099,0.545769836744936,-2.41882938558428,-0.00338396307147038
HG00284,0,25,10.51510288,0.387432147187839,2.08161767541775,-0.405366787493766
HG00285,0,21,15.34547368,0.0687010494092423,-0.167746911330725,0.955038880721877
HG00306,0,22,13.8425818,0.700933535208918,-2.67841251020966,-1.58232500602308
HG00309,0,29,15.14884063,-0.713217398470349,-0.762648346515066,-0.332013176964074
HG00310,0,26,24.62481076,1.60066405187135,0.377667577884002,0.888663739246368
HG00311,0,21,22.61876703,0.757326211998879,-0.81565012043718,0.988098399967824
HG00312,0,24,23.64550472,1.46833339650565,-0.423850411484579,-2.43237779012368
HG00313,0,29,20.25234523,-1.21752875758313,-2.20370000903313,-0.794273042396252
HG00315,0,29,20.0953113,-0.186979591072215,-1.09322127355427,0.907066638362059
HG00318,0,21,24.14926111,1.25071484233385,-0.826659774796617,-0.260004456953326
HG00319,0,27,12.00094247,1.14202941954886,0.479023294861733,-0.672485027779965
HG00320,0,29,15.87858193,1.16761586294581,-1.20471973910182,0.470538936101698
HG00321,0,28,10.22381097,-0.644675202788015,1.15042280427504,1.2962812932571
HG00323,0,27,10.53467619,-0.779572965110914,1.05057329828032,0.0703756787679913
HG00324,0,23,14.59172472,-0.597613296959478,-0.693875566440489,1.81266047637801
HG00325,0,29,20.46473477,-0.377244347731578,-0.89968637355426,1.60802173105083
HG00326,0,28,10.61190897,-2.18839906418416,-0.308703390966233,-0.180760127469162
HG00327,0,21,14.0837335,0.385328811900544,0.871989007337143,1.87259369626861
HG00328,0,23,19.05350825,0.39462145850923,0.822346625923682,-0.0112089943479715
HG00329,0,24,13.72878082,0.624417825690516,0.876128874312309,0.0609706395604697
HG00330,0,21,23.6009854,1.0568191638423,-1.2572811736104,-0.89269937019145
HG00331,0,20,24.17376384,-0.0187387696426892,-0.728675186013502,0.737830460815613
HG00332,1,32,34.45231932,1.11420072303641,0.690827792150427,0.755762130131118
HG00334,0,21,24.93740743,0.328137929059391,-1.00135271808555,0.203092680511457
HG00335,0,28,17.86339151,-2.63720447498782,1.38727281802424,0.866218587543695
HG00336,0,22,16.44533648,0.612006858911197,-0.453899876057177,-0.246715598312987
HG00337,0,23,22.38328469,-0.758112168556504,-1.18232927349843,-0.0969411654163727
HG00338,0,30,13.39047196,0.0367246707042103,0.103720296236706,0.744889703909443
HG00339,0,29,20.19455983,-0.540912660516087,0.396214202275282,-0.69359936394096
HG00341,1,36,37.22918213,1.58055013298552,0.834024608816407,0.241812504354046
HG00342,0,22,19.04377152,-0.153517693590065,1.33960467755628,0.604883472609781
HG00343,0,28,12.70953617,-0.0119917876769841,0.00813348851520614,0.153628182347575
HG00344,0,25,15.76472002,-0.585538423276415,-0.25538030183477,1.37701953129796
HG00345,0,25,22.2001944,-0.0868344208354693,-0.177028406181352,1.09785237342835
HG00346,0,24,15.82304946,-0.17819683808314,-1.45621604934635,0.436663544447338
HG00349,1,36,30.30386368,0.220610491315351,-3.38265058603691,-1.7440625111203
HG00350,1,40,29.06835295,0.660889099695561,-0.643853761286605,-0.351089751616347
HG00351,1,40,26.21811672,0.977759397762904,-1.38009719317169,-0.298502784485094
HG00353,0,24,15.03050639,-0.964889155265378,-0.38301900658969,0.572324080095427
HG00355,1,31,39.58255457,0.42833853587827,-0.0691779621623205,-0.412930592113883
HG00356,1,31,39.53980103,-0.406915383115416,0.408048330911907,0.0317856988937509
HG00357,0,21,18.25362438,0.733827807053776,1.18585299622402,-0.160986469899796
HG00358,1,31,30.15927367,-1.50291089309946,0.014068684207409,2.39876460105744
HG00359,1,32,33.43046235,-1.73534134630163,0.334267706651914,-0.470485734241913
HG00360,1,37,38.95609251,0.533972156246997,-1.68017223562126,-0.483839002293426
HG00361,0,26,11.17075227,0.47407053242954,-1.10466975510709,-0.0178679289381
HG00362,1,35,37.00709293,0.956064348191686,-0.544026072312887,-0.567418746984987
HG00364,1,39,27.30881732,0.70728039364382,0.441332435146545,-0.622422065123527
HG00366,0,26,10.25664788,-0.587602358169503,-0.890114548183339,0.458630214966117
HG00367,0,22,35.75132613,0.104802041379478,-0.260258481969068,-0.767400660571459
HG00369,0,27,28.59007179,0.823147788656152,0.951842764613643,-1.92854328643027
HG00372,0,26,22.31937604,-0.730959053640624,-1.19717917569696,0.177626091471291
HG00373,0,27,19.76217852,-0.0538247441613819,-1.27731333273015,0.0688812849591287
HG00375,0,28,19.67534697,0.424960827813528,-0.284906650333088,1.00442848894123
HG00376,1,30,35.58960496,0.0429988430706329,0.593332306557187,2.16625285243381
HG00377,0,22,21.50250784,-1.84979121681492,0.159395815414658,-1.82329335161494
HG00378,1,33,25.96557965,1.04019202106102,0.381745018472555,1.64451385016273
HG00381,1,37,39.37019997,0.975404269633488,-1.05337415527932,0.642662432971786
HG00382,1,37,29.22416654,1.39920435133989,0.0541648313208801,-0.406882645357936
HG00383,1,30,33.6393941,0.156095961595096,1.08577480677275,0.0760293259966459
HG00384,1,39,38.24157259,-0.980844648814164,0.849624892480935,-1.29737929738111
HG00403,0,21,23.71609656,0.786886356267794,1.2706157667518,0.0482124499790693
HG00404,0,28,25.64913533,-0.451941022964965,0.839212404996576,-0.34037769997647
HG00406,1,36,38.25101215,0.488891691550337,-0.496160504662991,1.12810399249187
HG00407,0,27,29.17419386,-0.915658735825713,1.04892679514159,-0.64612660290544
HG00418,0,22,18.39754516,1.35675721760976,0.841525852824369,1.21196818167038
HG00419,0,30,17.6390071,-0.588874632413932,-1.27947032971177,1.81906786839356
HG00421,0,28,24.51409411,0.883407731604312,-1.09169084578691,-1.1968263930402
HG00422,0,30,12.0855909,-1.3520964985948,1.84195943130844,-0.158062664638801
HG00427,0,23,18.68932975,0.341214405967283,-1.87012611977853,0.74681838148259
HG00428,0,29,15.4362791,0.0812072736786119,0.0265855830553061,-1.48847583403767
HG00436,0,24,22.30822632,0.719362750889616,0.642118644645887,-0.604339753624637
HG00437,0,30,13.00972245,-0.897206487405195,2.33567123284595,0.806830920557569
HG00442,0,23,13.20145895,1.22986840624731,0.966874654402104,-0.194447123690413
HG00443,0,21,22.13080606,-1.60568685616713,1.68616065033522,0.0984497874095653
HG00445,1,35,27.05219189,0.699292651908646,-2.44405838821725,-1.30456088098865
HG00446,0,22,22.47655199,0.871252382781459,1.63634132214735,-2.11786579335056
HG00448,0,30,14.83155818,-1.07742456701257,-1.39222979793342,-0.44054012781562
HG00449,0,28,19.79557327,-0.322441537845907,-0.0637051114042768,0.30240954913046
HG00451,1,35,35.82098382,-0.400062398370056,1.72095064694601,2.68168478754873
HG00452,1,32,34.51132189,0.846663550166647,-0.575343988752744,0.331686827595924
HG00457,0,22,33.87799203,-0.87062103849222,1.05488770138142,-0.721993627023925
HG00458,0,26,23.38329415,0.472202055890099,-0.283303853981972,-0.236497052667624
HG00463,0,27,13.56183818,-0.547496275204035,-0.174486774348257,-1.43133500649616
HG00464,0,26,23.01378268,0.736590888137913,-1.15207738572041,-0.765953824216707
HG00472,0,29,10.28419624,-0.909836617719827,0.704634602965905,-0.151340604664508
HG00473,0,28,13.16908671,1.99048779414849,-1.51150081405092,-0.355807289537277
HG00475,0,29,20.07950117,0.649485751025821,-0.366952455593866,0.0565062381574923
HG00476,0,25,10.85136209,0.745915711572484,0.437197443573157,-0.956228476684142
HG00478,0,22,10.94148035,-0.218221811168367,1.41812892377416,1.37505543227038
HG00479,0,23,17.23738825,0.126267103279702,0.526633594508363,-0.203838968962217
HG00500,0,27,22.79334012,0.729680662875551,0.852684480784074,0.262016283578799
HG00501,0,27,20.22122728,0.162175252786474,0.0668697733551653,2.54772641187374
HG00512,0,25,19.48630367,0.243523291867295,-0.650906692819318,0.170161276844294
HG00513,0,22,18.84706992,0.579274519485137,1.40970526935019,0.571868553932431
HG00524,0,21,14.35006545,0.0446269117204655,-0.170076983046028,-0.202937784091083
HG00525,0,21,19.1292555,0.864748066064479,0.208647244726064,0.694452134090219
HG00530,0,22,23.73622493,1.03676614376058,1.34740375413509,-0.638838404045266
HG00531,0,24,29.02615881,0.295091988501896,0.0226048944179504,0.932834220445655
HG00533,0,28,10.69480599,-0.172345478504538,0.711452236593902,0.851699348918188
HG00534,0,27,13.35272598,-1.09761562483649,0.600840170265297,-0.256682312465508
HG00536,0,28,15.00720094,-1.10551115234922,0.141331104510382,0.217210441110206
HG00537,0,27,22.64730413,-0.624280724493348,-1.52046967927074,-0.427703364023836
HG00542,0,26,22.7574581,0.435928591155299,1.06093827384093,2.18423599988774
HG00543,0,23,17.72806238,1.36138053275096,0.00113967017158118,-0.996606990165867
HG00553,0,27,21.95226259,-0.540762349412482,-1.21045857563232,0.194237780270094
HG00554,0,23,25.9189556,-0.556764592992267,0.583550701703736,-1.39793140982797
HG00556,0,28,11.41853831,-0.658843651096623,-0.209900019401351,0.641144337078235
HG00557,0,25,14.53247353,0.596647724178051,0.416741388330252,-0.296773462179544
HG00559,0,26,16.73677744,0.913458003646405,1.49026784944667,-0.47681076183338
HG00560,0,30,11.61988561,1.39375848786593,0.497488291153473,-1.17827179227386
HG00565,0,23,15.12599898,0.329351990430796,-0.737027288618192,0.832895337118701
HG00566,0,27,21.42924978,-1.40234734055383,0.0349785576305598,0.592196492261916
HG00577,0,21,14.22018733,-0.296553076363622,-0.848244525950892,1.89298356970753
HG00578,0,22,16.07867274,0.649801365898402,-1.26428435249721,-0.709484243620386
HG00580,0,22,10.40058925,-0.8767423068367,0.869953688576877,-1.22798538727621
HG00581,0,23,33.34348499,0.116292934970912,-0.519001464448989,-1.19836538597229
HG00583,0,25,14.5157841,-0.825641871995609,2.26275000775669,-0.466082870093022
HG00584,0,27,15.2175363,0.0903733019888251,2.1021201286161,-0.36838688048251
HG00589,0,26,17.66309161,-0.375945204117253,0.422820211905783,-0.0615004571432247
HG00590,0,29,16.32851729,0.295402907054068,1.33970969116244,-0.249696709875269
HG00592,0,29,19.86473672,-0.555564312865337,-1.34947395201559,-1.11294904421022
HG00593,0,23,20.21988506,0.774337978845219,-0.101272171948538,-0.796767567164049
HG00595,0,21,24.89218867,-0.189425787938063,-0.13165823784742,-0.493667614670957
HG00596,0,29,18.26385772,1.86879697475177,1.62677545727332,0.301927509828603
HG00607,0,21,24.65401536,1.02482181321668,1.25491886830212,0.514913850117226
HG00608,0,23,23.31596191,0.597981590230096,1.05490715425855,-0.99265433571175
HG00610,0,29,14.3943651,0.190419653590901,2.06169036718248,2.03175800290146
HG00611,0,29,10.01131383,1.38107662466899,-0.723961029638812,1.28117193725905
HG00613,0,24,12.93893627,-0.701968870745563,-1.85558766465844,0.342322256446706
HG00614,0,22,18.66145301,0.101787007749891,0.147739328473317,0.771790018069193
HG00619,0,24,17.74464419,-0.200233855204961,-0.630175707776338,0.278075049146313
HG00620,0,25,30.58304809,-2.21343104492878,2.01442336255355,-0.0441829850786077
HG00625,0,25,12.5784323,0.0406537038599037,0.275019968414751,-0.817788379158691
HG00626,0,24,22.87073801,0.0720910650016567,0.763806254651202,0.89817035932158
HG00628,0,21,39.79806361,-1.47574335658969,0.721159485937684,-1.80973602833771
HG00629,0,26,16.71649364,-0.308794565924883,-1.28720732088781,1.21297062500025
HG00634,0,23,28.38120929,-0.701124528371503,0.731596009510321,1.5203801193968
HG00635,0,23,21.65703786,0.531332580976309,1.78257155371055,0.0315044306816873
HG00637,0,25,24.683219,-0.120690768028195,0.129338967676716,-0.605460969776816
HG00638,0,25,11.96290167,-1.76642368255964,-1.12460477486837,0.205116123970628
HG00640,0,28,20.00695024,0.994243706446585,0.743316147393587,0.539221329080179
HG00641,0,28,22.54244085,0.385639441189544,-0.257542205408545,0.313046042512165
HG00650,0,26,17.48606848,0.0376534037124878,-1.14757259830574,0.275318780482978
HG00651,0,22,22.44466562,-1.27735547628487,0.347947728706091,-0.747797126420995
HG00653,0,26,23.87141369,-0.757769738699647,0.82908297967046,0.616199007172871
HG00654,0,29,18.95128012,-0.950717563578718,-0.757201924320112,0.980840626870993
HG00656,0,22,12.13101186,-2.50362965415676,1.23990920866882,0.391977734281673
HG00657,0,22,20.13566586,0.154727514237295,0.538043986004471,1.17804377426273
HG00662,0,26,19.27178793,1.23001621052323,1.52524030940648,1.8874658622676
HG00663,0,24,16.68297194,0.33555918482036,1.03269459491668,1.08999940346928
HG00671,0,29,23.23019709,1.76503170616585,2.26989622237231,-0.345898786747533
HG00672,0,27,22.80425773,-0.93664736898434,0.475473950914277,-0.379508361207055
HG00683,0,30,19.19635012,-1.2141952946,0.644404934326587,-1.85883527524953
HG00684,0,26,33.95015182,-0.112532271795163,0.0044044859292435,-0.858313101412509
HG00689,0,26,21.64776371,-0.0898383329415335,-0.990393102939597,-2.06509532835057
HG00690,0,23,11.23817943,1.29603007710654,0.26160745786087,-0.637239293816109
HG00692,0,25,13.81365797,-1.3687084933564,0.313203867159031,0.247319382806951
HG00693,0,28,14.69114605,-1.3315918600885,0.0961463370337273,1.06306305379597
HG00698,0,29,22.66529791,0.523755721420496,0.545281617784452,0.611899224267326
HG00699,0,28,35.66383866,-1.39504969916858,-0.335802179670545,-1.30401824706312
HG00701,0,21,23.53024999,-0.742323443886852,3.49430132178224,0.043703265653664
HG00702,0,23,22.66802239,-0.782675337676612,1.55856376200393,-2.70538354786757
HG00704,0,20,24.66582242,-0.370119709936774,-0.129304100663847,-0.0576597156451438
HG00705,0,30,17.37035366,-0.0145982760334182,0.555602085421912,-0.845590033737118
HG00707,0,26,10.59713023,0.150854307095671,0.0506429948468931,0.664750143808878
HG00708,0,24,15.08439037,-0.239441914096171,0.515872753078128,-1.12030521583165
HG00731,0,28,19.08142751,-0.488301969697209,-2.41127776817595,-1.04583677697072
HG00732,0,21,35.41749167,-1.3306012621587,-0.908248661889205,0.682565777649539
HG00734,0,22,37.04820717,-0.38647713584673,-0.48335042271897,0.474296917862878
HG00736,0,22,35.77644432,-0.537220239673606,1.84800241517334,-0.569386542660967
HG00737,0,30,16.22693946,1.66320540567672,-0.630712332603196,1.23380594467879
HG00740,0,29,12.08949301,0.252925867732766,-1.10361544684998,1.80297923302087
HG01047,0,22,21.46777947,1.18734588610905,0.0136188356306257,-0.528569536692564
HG01048,0,28,35.39346257,0.152167724568011,0.271612249646578,-0.999506492674501
HG01051,0,20,23.57059855,0.602652897525556,-0.686819428204414,0.734319612516016
HG01052,0,30,20.9273397,1.41313115236934,0.707692625774838,-2.00845855861381
HG01055,0,28,24.34960125,0.567423502032375,-2.32033470404531,-0.201225691456053
HG01060,0,28,11.77169745,0.114582167051661,0.331011686342409,-0.648185698948617
HG01061,0,22,13.76891952,0.678558444878772,-0.00145135684138616,-0.46676999786355
HG01066,0,26,23.77883517,-0.181987547478154,0.650897563842137,-1.8027431967476
HG01067,0,28,27.59845124,-0.801025055400437,-1.22358763069332,0.539670559077246
HG01069,0,24,12.10574921,-0.107009596353245,-0.338097451020482,0.00482765882344476
HG01070,0,25,24.22560345,-1.79525210415449,-0.453726760023581,0.369110400612765
HG01072,0,23,23.31360467,-1.33258337013721,0.842584518926672,0.395665578241653
HG01073,0,27,14.66133569,0.43027664141659,1.03955583378908,-2.11096244746317
HG01075,0,27,24.07107989,0.873943139048295,1.05565403855979,-0.777050122947862
HG01079,0,28,14.91594795,0.774222907739944,-0.253628492722164,0.895869716822621
HG01080,0,20,25.74159334,-0.828773835660149,1.44359147060437,-0.610876668859286
HG01082,0,29,12.60051758,-0.907182969460316,0.355662417040518,0.24369121606501
HG01083,0,29,15.88296744,-0.718769139738138,-0.402633667376319,0.610819714234215
HG01085,1,34,34.58041277,-0.359914813060084,-0.0950778093149459,-0.541223964491339
HG01095,0,29,15.6718444,1.5223264683306,-0.375401976104886,0.885876844197851
HG01097,0,22,31.41962962,0.227964597881245,0.60093972467418,0.483803890184371
HG01098,0,30,17.76683638,0.303387597564671,-0.229428264426634,1.74501287123151
HG01101,0,23,14.22119344,-1.22039038106331,0.00141734491724921,0.0642381359805089
HG01102,0,29,11.64662943,0.802499079276111,-0.649414883480173,0.576251530131392
HG01104,0,22,31.00886345,0.0958058710974775,-1.21150398695015,-0.168583521652388
HG01105,1,39,35.75917537,0.99365923064324,1.51650359019199,-0.0429758241949012
HG01107,0,25,20.67829762,-0.344958412621387,-0.80523092684806,0.949439997261864
HG01108,0,22,23.3747795,1.67153046590543,-0.748692068070347,0.714539256446844
HG01112,0,25,19.14596354,-1.2206876198311,-0.692248737681693,-0.319013646302423
HG01113,1,34,15.76548526,-0.3982041120328,-0.339455025119893,-0.309346930662765
HG01124,0,22,11.42533881,-0.0390996800962915,0.0380896171591724,-1.21633359988033
HG01125,0,24,18.34078395,-1.53835264491453,-1.08427875879408,-1.73095810937598
HG01133,0,27,19.12512856,-0.247153038904273,0.233785885288916,0.940366688514052
HG01134,0,22,10.54088977,0.132152662115909,0.240401269701609,1.99692456131953
HG01136,0,26,22.91801113,-0.900777478737441,2.29533727658235,0.356668782946953
HG01137,0,29,15.18903909,-1.26849045683391,1.20982818633336,0.4739030329558
HG01140,0,28,14.70420194,-0.490436289918702,1.22762130971962,-1.00804786723749
HG01148,0,21,13.49940813,0.933229879661474,-1.07238209553663,-0.332446340938266
HG01149,0,23,17.42073482,0.195515694237111,0.850677765215373,-0.285384345449165
HG01167,0,24,19.30265861,0.990290982578368,-1.23830023024401,0.246402762010028
HG01168,0,23,21.75987772,-1.49546626083613,0.38651241626338,0.000258191628839351
HG01170,0,20,23.64844232,-0.265862147432388,-1.97681313788364,-1.40867924734792
HG01171,0,27,24.84246538,0.870908920151152,0.95354257734591,0.0514787822271406
HG01173,0,23,16.71603784,1.80880191737388,0.225336027445366,0.641754760885004
HG01174,0,23,24.6017017,0.371955287716595,-0.0197277817853143,-0.349772198705054
HG01176,0,29,23.0986699,0.968456541962132,-0.379183275202606,-0.366152812131767
HG01183,0,26,21.20105422,-0.545967115835939,1.0666826779521,0.177897000767608
HG01187,0,20,23.44864921,0.206856321135835,0.767979401670467,0.242577199256382
HG01188,0,21,39.59858069,0.740829292163133,0.661541320276893,-1.25221632809927
HG01190,0,26,18.31947982,1.36995846806684,1.90419192342797,1.11207134618682
HG01191,0,24,16.02934375,-1.73899139114508,-0.171554604789563,0.173023786362867
HG01197,0,23,11.47724225,0.281480773861637,1.13262737998335,1.42583144574537
HG01198,0,28,19.48867206,-0.539858066077325,2.02993372395884,0.275650843723035
HG01204,0,25,12.57750119,-0.478704604285177,-1.42604731294882,-1.63224422599696
HG01250,0,28,18.06305351,0.334218820830518,0.243712580585617,-1.66793638344323
HG01251,0,29,12.04452432,-1.20486348365142,1.33614552672628,1.81110937130676
HG01257,1,31,31.34368827,-0.711029632578692,-0.569603824300404,-1.81671855857129
HG01259,1,35,37.06867258,-2.494442911131,0.515555806876024,0.204526845612151
HG01271,1,37,38.19548628,1.45507257241679,1.37612832268211,-1.97733304617912
HG01272,1,31,31.00621054,-0.818528703629862,0.144559263360041,-0.198697108575374
HG01274,0,26,25.0921315,1.44370702590389,-0.610033510199132,0.48540281213399
HG01275,1,30,27.87721817,0.696279364547914,1.5345453972839,-2.75840634589319
HG01277,1,31,31.55445128,2.31481772553217,-1.94081766673129,-0.226422813651658
HG01278,1,37,34.68748155,0.848180373510125,-0.552458300726,1.10534080231927
HG01334,0,23,13.11483344,0.18653485781811,-0.503873292234095,0.991243723038201
HG01342,0,27,21.79628648,-2.36107459822989,2.55240378009441,-1.45522682216481
HG01344,1,32,25.67883529,-1.23508950344636,-2.06417843448761,1.00456389770746
HG01345,0,25,31.03333242,1.86648542443605,1.2306147951777,0.863102270761165
HG01350,0,28,20.41774113,2.64455147889184,0.589765315296895,1.28243091264234
HG01351,0,26,19.69048732,1.29650468069123,-0.541096751217457,0.530809120883256
HG01353,0,21,20.43147344,0.177896256996553,-1.07282336954139,-0.138250106383202
HG01354,0,24,18.66433892,-0.424090656958714,0.647391019473153,0.0743714260407943
HG01356,0,28,37.12830004,-0.293829474210993,-1.61466864323575,-0.256038899032118
HG01357,0,30,23.33785485,0.904760831421575,-1.49357222679333,0.600584178621745
HG01359,0,25,17.66793899,-0.0730551006674897,-0.758612253171761,-0.710375702275131
HG01360,0,27,32.22815719,-0.845021419577362,0.22741181125201,0.0679518868855965
HG01365,0,23,10.07407203,1.2254803097022,-1.57950538224524,-0.950013548986913
HG01366,0,24,15.53144646,-2.11019047599378,-1.36130521153539,1.48204751640873
HG01374,0,21,16.57336078,0.506516586849419,0.464358078151085,-2.08659603604389
HG01375,0,21,24.08896841,0.549573497589524,1.28689368531825,-1.5074984447441
HG01377,0,25,21.50898504,1.33341164227582,-2.16967427909095,0.287978201534566
HG01378,0,26,16.81711265,0.997972844937728,-0.76227261437246,0.379835495763928
HG01383,0,29,23.96888513,1.1421281245732,0.900342553161337,0.0700890150512533
HG01384,0,20,20.4851359,-0.427605041975802,-0.500893259441194,-0.820080877521828
HG01389,0,23,12.76677941,-0.165293571567859,-0.578468165196517,-0.251830637604558
HG01390,0,21,13.01465609,-0.821446826594455,-1.32442237421323,1.00266215293036
HG01437,0,29,33.22286033,-0.066446243948738,-0.177146159624055,-1.52079879679088
HG01440,0,21,29.91549144,-0.279610188127811,0.688334829596696,-0.936259364052789
HG01441,0,21,39.67604447,-0.167332465891387,1.31026712683381,-0.365739663080933
HG01455,0,22,20.40479456,-1.18299606836318,1.27070120310478,-1.35563659004278
HG01456,0,23,11.64804026,1.94454578922906,-0.457496390994302,-0.549662298671663
HG01461,0,28,15.65347195,0.596650089358597,0.594549670687143,0.187809753668097
HG01462,0,28,20.69596141,-1.674087667509,1.27245755123739,3.04741524907327
HG01465,0,28,10.93828524,2.12220536963618,-0.447074493535998,0.489581833219134
HG01488,0,26,32.15843346,-1.17605845154149,-0.418597633817923,1.11494102328916
HG01489,0,28,35.02389136,-0.763535514939809,0.00190528445670547,-0.553663633313485
HG01491,0,26,22.10373388,0.802385032124347,1.97228589421748,-0.380413198256847
HG01492,0,26,10.65003218,0.378144642277917,0.821446119060097,0.242514068104402
HG01494,0,24,14.3549157,-0.367692673989543,-0.19256857278748,-2.70173305049247
HG01495,0,21,19.16977497,-0.596151056308746,-0.538931670749595,0.320701615084185
HG01497,0,25,29.08032549,-0.1112867693659,0.528876751745471,-0.672088445340482
HG01498,0,20,22.56919555,1.23698048405469,0.944197692181665,0.662342170383321
HG01515,0,23,12.37419125,-0.371776913379493,-0.634034320406916,-0.175894458390604
HG01516,0,25,21.6997269,-1.20604286450229,-0.241062074538282,0.993199248358685
HG01518,0,23,13.98118857,0.561763384099926,-1.29014290506797,-0.588461242964186
HG01519,1,40,21.6968617,-0.682993747379162,0.902440038769836,0.242460422715215
HG01521,0,24,19.54681089,-1.97289086311301,-1.64399279504543,-0.596198689059766
HG01522,0,23,23.49371146,0.956751720567374,0.114186574639268,1.03391153701783
HG01550,0,25,11.85337349,0.912003996823584,-0.791298066808885,0.276969953571769
HG01551,1,39,10.0457603,-0.806277442820099,-1.64833966478596,-0.943240122885089
HG01617,1,31,25.49688645,-1.08909082993761,-1.03729614539451,-0.034842790591755
HG01618,1,32,33.94063307,-0.13809024012413,0.606279407442872,0.355149149175836
HG01619,1,37,28.01819171,0.466758516546056,0.349214920807926,1.02919067413885
HG01620,1,33,32.19599427,2.42112952936636,0.279626865529032,0.677105297465287
HG01623,1,40,35.12231771,2.51044075651183,-1.36259373183725,0.719684747465859
HG01624,1,37,33.60304375,-0.530260573228132,0.3348187967626,-1.72401201257977
HG01625,1,36,33.17135923,-0.859998959257315,0.909334767055146,1.4029799877907
HG01626,1,38,27.13243777,-0.0966258992381716,0.24493240325471,-1.86518172415346
NA06984,0,23,10.6123992,-0.93452558579453,1.60351232134027,-2.63895804386336
NA06986,0,27,19.92156207,-1.20092292263581,1.56706437900216,0.0439342011671275
NA06989,0,23,21.915883,-0.82604665539897,0.392654546859792,1.8054320929926
NA06994,0,23,12.67149221,-0.0132321690374641,-1.58931483709593,-0.0016607719512451
NA07000,0,22,10.53831064,-0.607612238788298,1.18037261732495,0.317496379952711
NA07037,0,22,20.03355008,0.360881196651276,1.56228074418356,0.042689392293914
NA07048,0,24,17.52834332,2.43484598340055,0.547616710321348,-1.16314618351279
NA07051,0,26,20.10741959,0.379635593021303,-0.297026737571173,-1.00099601938683
NA07056,0,23,24.86599861,0.0305481009232084,0.400419360155127,-0.799637178703603
NA07347,0,25,17.79697196,0.913724474727691,-0.577666221632595,0.438175314423628
NA07357,0,23,24.12988712,-0.0280794428098976,0.21921066238421,-2.69612336518411
NA10847,0,25,12.77800466,1.74809827998549,-0.25197152961192,-0.786832055435216
NA10851,0,21,23.78580719,0.0408492820818096,0.897930482068893,0.285812256059313
NA11829,0,23,16.73426792,-1.40458168912832,0.292744817519078,-0.833298540534551
NA11830,0,26,10.53409864,0.741420474003716,0.126030487179139,1.39906707667646
NA11831,0,27,17.75062018,1.0291244102103,-0.625036448130034,0.880628715418573
NA11843,0,27,14.75594111,-0.812187812403925,-0.410044607995527,0.603608987069015
NA11892,0,21,18.19195973,0.323434132899758,1.02452228322186,0.197864642938446
NA11893,0,21,19.48364852,-1.68138616386538,2.07814212631357,0.839635626033478
NA11894,0,23,22.26863974,-0.311165884968778,0.771435134346876,-0.751444417814743
NA11919,0,23,17.8514333,-1.77200859361042,1.10538358099179,1.7350043801688
NA11920,0,27,23.3042201,-0.785881743215123,1.34955828458025,-1.00732806417151
NA11930,0,27,13.18216922,-0.169677371119324,1.77755782976164,1.0200177992169
NA11931,0,26,19.25560485,-0.840544046417357,1.36054286290491,0.287326555795879
NA11932,0,22,16.50968576,-0.568864711828239,0.785966608226594,0.344102364621277
NA11933,0,23,24.14287192,-0.997513671746136,0.0809420307849766,-0.941354229053929
NA11992,0,21,16.76344859,0.344483245443887,0.424282334070484,-1.20281219942384
NA11993,0,25,19.93294489,1.02007772316898,1.08663775657241,1.03674971508975
NA11994,0,26,25.25704789,0.211583761615097,-1.5165161140788,-1.46804574613241
NA11995,0,24,10.05255444,-1.51997247243934,-0.632236880987197,-0.75172394926766
NA12003,0,24,17.99314611,-0.894245294502407,-0.681017883348564,-2.39986658394134
NA12004,0,22,24.59208024,-0.979385627796902,-0.61324753238252,-0.720261860508671
NA12006,0,28,10.21035052,0.86705441991302,0.652355049890759,-1.00405427475995
NA12043,0,24,24.02241777,-1.50135999233901,1.15455922566963,1.35242244801065
NA12044,0,27,18.19736532,-0.436794323816577,1.21706088197193,-1.44953824899882
NA12045,0,21,24.87934434,-1.48043359303273,0.315405118489844,1.05379325871037
NA12046,0,22,13.2310969,-1.53438272959391,1.28657765822031,-1.39090715371118
NA12058,0,25,16.33637133,0.543053724318103,-0.463252009330387,0.299939559144686
NA12144,0,30,23.06817152,0.14221893301256,-0.0877157574607867,-0.302377009923134
NA12154,0,28,10.96374817,0.190370487998731,1.00508166929289,-0.767855630299017
NA12155,0,27,16.3386119,0.142389198424497,-0.388237712011977,0.0129707978615205
NA12249,0,23,21.86266178,-0.493987470036297,0.000997457750367944,1.22208239363075
NA12272,0,21,11.26572384,-1.28094567517719,1.70602724668189,1.21886701259707
NA12273,0,25,24.28074566,-0.233216435996732,0.762249620444531,0.887929964127023
NA12275,0,28,12.28751904,-1.58614693335257,-0.360353760233567,0.353484940477535
NA12282,0,24,16.10498587,-0.610330373553194,1.19203090288734,1.40390597416022
NA12283,0,25,22.96902396,0.478148048931848,0.234936689048732,0.278815879567718
NA12286,0,26,14.20943953,-0.843939206328464,0.174329666666483,-0.198046696951861
NA12287,0,20,18.11790146,-1.51956066773992,0.631842230714822,0.88456413037315
NA12340,0,25,18.86369261,-0.134189175009541,-0.725426399098213,1.10836071443941
NA12341,0,27,19.81506918,0.534507233599871,-0.816205287510432,-0.551722642314552
NA12342,0,20,10.83536773,0.630353247325306,0.632580479436849,0.998487374251698
NA12347,0,25,11.67144979,1.8724271200141,-0.377712017224805,-0.0407438268515686
NA12348,0,25,19.28299006,0.581564975898912,0.381269656820725,-1.12602043220941
NA12383,0,27,12.12852767,1.15855449683987,0.531158953860247,0.819556459870947
NA12399,0,26,16.64447393,1.47118632672371,-0.612679442386724,-0.743733837437049
NA12400,0,23,14.96311122,-0.000688920398270296,0.116381809124966,-0.698091742600487
NA12413,0,26,13.33288086,0.664843883590249,-0.0806247820332695,-0.125033555441108
NA12489,0,28,15.44762247,0.341596414797176,0.896499546777312,0.514706306889511
NA12546,0,21,23.10442026,0.867379014010308,-0.357956057757907,-0.159483506490552
NA12716,0,29,16.51293609,-1.26483312547266,1.13573397453054,-0.282059241112896
NA12717,0,20,21.78891777,-0.158812330120327,-1.03176013773175,0.909106507042653
NA12718,0,27,24.95287676,-0.49706605441399,1.23525487959412,0.855942787161008
NA12748,0,21,24.75073198,0.00289557800858012,0.261275380847698,0.641066940448179
NA12749,0,21,10.45248519,1.19771458683182,0.337757102526413,0.294679874524591
NA12750,0,22,19.91298175,-1.9046191104484,0.221973471989679,-1.11433991457634
NA12751,0,21,18.36244437,1.16159604797372,-1.6059647568459,-0.764046331690194
NA12761,0,24,12.28470606,0.122268714513727,-0.569626397173834,0.149517576035955
NA12763,0,21,14.53342158,1.04810940717831,0.863515551172067,-0.788889551562176
NA12775,0,22,12.02614144,0.750765326924708,0.189491941537013,-1.39903955323385
NA12777,0,27,16.55444386,-0.936159340458286,-0.612390497947449,-2.33578535092275
NA12778,0,22,27.80640515,0.5650435853274,1.92505631117689,0.208266756723906
NA12812,0,23,18.31313675,-0.00551939359824346,-2.15468326801461,0.707890379384377
NA12814,0,24,18.37510035,1.35593684503244,-0.354161981286447,1.89607086651937
NA12815,0,26,13.1110006,0.556860644952222,-0.598140616708777,-1.58074706119553
NA12827,0,24,23.17571399,0.438253395413259,-1.06754145322139,2.02528196210989
NA12829,0,20,13.71519988,-1.81232863339282,-1.17525627679575,-0.0561614844441702
NA12830,0,28,17.68267099,0.949615447109668,-0.507237001182424,-0.045457473221115
NA12842,0,21,24.48970011,-0.955720705755151,0.144116702723134,0.329802984036442
NA12843,0,27,22.9715506,-0.55980916532816,-0.385954625220899,-1.75668632627622
NA12872,0,27,23.93413931,-0.799374427160536,-1.88841996479855,1.32730847390014
NA12873,0,26,29.46797745,-1.3460402113985,-0.550540046852704,0.363335448792092
NA12874,0,22,11.60183114,-0.738642651718036,-1.29977843127394,0.834725655490087
NA12889,0,22,22.20275284,0.766383307546834,-0.418046627183548,-0.0177103521320077
NA12890,0,23,15.76230287,0.700085317933318,-0.00628152608613765,-1.24594344418761
NA18486,0,23,18.52466945,0.144977003575731,1.11275986620469,0.166356416422506
NA18487,0,21,30.42830621,0.151936551787029,-0.0465855185028661,-0.163811309783417
NA18489,0,24,17.48024873,-0.0905421320711037,-0.798743943064773,0.307042551389682
NA18498,0,25,13.2770731,0.905429458815254,1.34943419158907,0.704628411320919
NA18499,0,20,22.83265742,1.52551228945345,0.222397058874888,-0.615252135802499
NA18501,0,20,10.63217026,-1.46792677152515,2.65383849142715,0.336290829676851
NA18502,0,24,17.79231971,-1.57890359135401,-1.17633610343826,-0.686837953539422
NA18504,0,21,16.79982486,0.516843766939831,0.236953323398015,-0.410137383450196
NA18505,0,25,20.97457616,0.00849396955509124,-0.873532855984031,0.117977753525625
NA18507,0,22,17.42692804,-1.74828709444382,-1.19910766094765,0.596659986978092
NA18508,0,27,17.45069487,0.639862926879567,-0.250703455223231,-1.70061351888416
NA18510,0,23,14.74980258,-1.464757100758,0.561466021202698,-1.4050294722237
NA18511,0,28,20.07210775,-0.60636720243187,0.722021618740202,1.23092522676466
NA18516,0,26,19.55409106,-2.91717442283605,-0.329045427020316,-0.427473219812471
NA18517,0,26,14.35589324,0.425474318870807,2.14933951316107,-0.903079885274565
NA18519,0,25,11.38155924,-0.57301181225789,0.958698702941577,-0.016560256453464
NA18520,0,27,10.68303775,-1.33663908364964,-1.67893651768593,0.488614718519039
NA18522,0,24,24.5309083,-0.36986450839066,1.15987827164983,-1.28572316248302
NA18523,0,29,16.13672533,0.521137820243459,0.112668862869525,-1.33447722096709
NA18525,1,34,33.03003821,-2.2868522018127,-0.204059538567627,0.305994832316836
NA18526,0,26,15.78628844,1.06274353184327,0.425320996846488,0.245727471552008
NA18527,1,35,30.99394207,-0.260860502633471,0.12880345341751,-1.0651696797066
NA18528,0,22,29.07787435,-0.398948485993355,-0.222211154683383,-1.49099477390131
NA18530,0,24,19.13226551,1.76865681081221,0.392225390929326,-0.182714194025141
NA18532,0,28,23.90176679,1.34957474645303,0.464604445997256,-0.955511406060455
NA18534,0,28,21.03344292,-1.21785228618381,-0.202938430731845,1.15464436445677
NA18535,0,29,27.94323895,0.283668536331084,-1.46899934903035,0.154504068510428
NA18536,0,26,12.25291104,-0.591747322878115,1.19332880851153,0.522063048511178
NA18537,0,26,21.58355948,-0.496031253941589,1.05105147785292,2.32289967483122
NA18538,0,28,20.75597596,0.577376981453857,0.941841361004293,0.806070005367994
NA18539,0,28,18.83186349,-1.70611186924955,0.0697338775944322,-0.185485982604504
NA18541,0,26,20.13759268,0.0539732939730443,0.613126798072906,-1.22368117907015
NA18542,0,26,22.04530459,1.03474164892752,1.10947478426704,-1.20915561855856
NA18543,0,30,24.68833354,0.405660147141129,-0.568294514709313,1.10305605183247
NA18544,0,29,12.88734154,0.935042150170583,-0.598405177474034,1.25458634468326
NA18545,0,25,21.3979149,0.360387842815324,1.065214734636,-0.120223810252387
NA18546,0,29,14.91966606,-1.31018309273004,-0.709177440599605,0.0707430068426555
NA18547,0,23,11.63933256,1.47187909447869,0.253920061339395,-0.86417653308922
NA18548,0,22,24.71611868,-1.0106117076745,-0.0373902596483357,-1.22341653761366
NA18549,0,23,18.82044335,-1.30267985464475,-0.86901676158286,0.262740379654184
NA18550,0,26,22.84323232,2.24369945356023,0.322762098549366,1.9074914058386
NA18552,0,26,19.03878778,-0.483317625324147,0.865521740677084,-0.683065675443494
NA18553,0,30,23.06131627,-0.117821656894803,1.20584685308545,1.27470104922317
NA18555,0,20,22.97252072,-1.2356617772248,-0.4572423105976,1.13044870620816
NA18557,0,30,10.78577336,-0.868397949236632,0.220317609144048,-0.191458464186439
NA18558,0,27,11.96326811,0.611943063083743,0.0982815270174115,-1.62359571052489
NA18559,0,25,13.66201667,2.05560734648041,1.11730848065561,0.142387496119531
NA18560,0,26,36.0873002,0.911680381010072,-1.03638019529171,-1.94698745806398
NA18561,0,28,12.91501837,-0.614802115683503,0.00701743966055299,2.55647938046165
NA18562,0,23,10.61247482,-1.12150395761541,-1.597718249449,-0.0967517728656564
NA18563,0,29,20.97818528,-1.70149306173572,0.840453841722085,1.18140093747213
NA18564,0,28,16.02755828,-1.62692312738583,-0.0778197389292063,0.306302291633619
NA18565,0,22,15.38684733,-0.221182941709032,-1.83879484068541,0.760042569383102
NA18566,0,22,18.99428979,-0.702401397573585,-0.850214129471883,-0.805008055460974
NA18567,0,29,14.6517722,0.0308405239224653,3.02277488702307,-0.608123805102614
NA18570,0,24,12.55573316,0.432847912270728,-0.173309891297146,0.563856646544095
NA18571,0,28,14.4279785,-0.411998044597564,0.605070828248864,0.0728652702497028
NA18572,0,20,14.90166222,-1.51172445341092,-0.379524467026213,0.994806506367232
NA18573,0,29,17.58360697,0.214779240261687,0.279335473681698,0.866600838413661
NA18574,0,28,22.66951434,-1.35547474512994,0.876120615863072,-1.95231246153215
NA18576,0,20,10.67390106,0.61582507801619,-0.135056655522331,-0.846277255983349
NA18577,0,22,11.44958885,-3.01948164332528,-1.48675327132115,1.3198156935455
NA18579,0,29,20.73373367,-1.8186968887972,-0.247012290686163,0.888452366590751
NA18582,0,22,12.92056854,0.57441129102921,-0.599422798093417,0.326032040871084
NA18592,0,25,11.55527973,0.429433875826145,-1.06003665280445,-0.834875674671714
NA18593,0,24,13.13368625,-1.95129991392077,-0.1580219290027,-0.736517091815171
NA18595,0,23,17.89657738,2.67870257773432,-0.0362861277983145,0.0607767310859747
NA18596,0,23,19.82446575,-0.677892907769008,-1.06806273849763,-0.2234611835905
NA18597,0,30,17.71422429,0.206238127589473,0.447745817104757,-0.524800301452874
NA18599,0,27,18.28139771,0.170162568445659,0.65901511411714,1.6972673268431
NA18602,0,29,20.66665938,-0.974980907540178,0.228320981818486,1.02088265064571
NA18603,0,28,11.27232529,0.639658940052844,2.03478851828263,-0.704140791084727
NA18605,0,23,11.17626621,-1.71378117244969,-0.191288876326413,0.209142240336256
NA18606,0,20,10.91831006,-1.14909019490696,0.235795692599164,-1.91651389058202
NA18608,0,23,20.79213793,0.622289581727038,-0.841539968454484,0.952142189786765
NA18609,0,22,21.7546239,0.46959870338895,1.14181881282467,0.126118474222204
NA18610,0,26,24.82500693,-0.220367991878047,0.955438311183927,-0.643620086952055
NA18611,0,25,14.04687351,-0.428043064176341,-0.188683938899218,-0.17675840572671
NA18612,0,27,24.21917713,0.683415158574783,-0.0195763503342852,-1.27530545148752
NA18613,0,23,17.90586134,0.767139691078249,0.59996218482101,-0.0189428632378618
NA18614,0,22,36.09582695,-3.16721352547833,2.59754564982433,-0.139843844602334
NA18615,0,21,15.52390617,-0.0700833998956933,-0.368593088959922,1.52288046392596
NA18616,0,30,12.67622348,0.986622224501345,0.551897662490954,0.439271835715677
NA18617,0,25,36.77096418,-0.447208480554885,-2.8561360557668,-0.802892417007787
NA18618,0,29,10.96601245,-1.95651072102882,-0.382756596310812,1.03821787952202
NA18619,0,26,11.02752107,1.81952113833589,-0.801869895886738,-0.0953871234700121
NA18620,0,28,11.14792823,0.896246209563925,1.03660419731771,0.728253540088847
NA18621,0,25,10.66053742,-0.0213471991275138,0.610426911988412,0.989068564001731
NA18622,0,22,11.79847496,0.142803287256119,-1.26132690931093,0.577165040717932
NA18623,0,28,23.9307587,1.0982657555561,0.25874357953967,-0.377181776508604
NA18624,0,27,13.93693766,-1.1795849506033,0.87584664429448,2.21780748649847
NA18626,0,27,24.58392864,2.60390532629698,-1.56425531446778,-0.591824674352311
NA18627,0,22,13.09481763,-0.929727775266543,-1.78491621898658,-0.937889409279789
NA18628,0,29,12.02130719,-0.104079488899209,-0.0410414666534875,-0.0658335287796073
NA18630,0,22,22.08327504,-2.0933172170861,-1.70748842142045,-0.522563762310072
NA18631,0,21,15.76173987,-1.75008900205362,-0.002315264041629,0.568177194193258
NA18632,0,23,24.13845512,-1.70945476470094,-0.0663306685022059,-0.502186306872143
NA18633,0,28,12.24243832,-0.395663659100076,-0.261909303405185,-0.780850275153231
NA18634,0,26,18.04455436,1.12118089967353,-0.97082312179756,0.906378237477689
NA18635,0,27,20.69595753,-0.403906772886204,-1.09889690719881,0.0713005302758866
NA18636,0,25,22.2747331,0.298140255654881,1.30002872295744,0.61700469259628
NA18637,0,26,14.22658183,0.000745992866168228,-0.601416440570163,1.65618887377655
NA18638,0,28,14.80662438,-0.715374822650488,-1.66205262308162,-0.673643791439639
NA18639,1,38,30.14246592,-0.113411362413408,0.206829906933271,-0.824266437687856
NA18640,1,34,26.39422189,0.481667227946441,0.155683082362093,-0.576152605867294
NA18641,1,38,29.84030632,-1.83723311745633,-0.809077550001871,-1.75855458435025
NA18642,1,36,32.79028868,-0.16290312870137,0.144833701089153,-0.149627122680936
NA18643,1,38,33.92634987,-0.418725602483643,0.747545837954449,0.912742150487562
NA18645,1,34,25.64534721,-0.737421276617387,-0.64357641682234,-0.205456914200179
NA18647,1,38,32.35842805,0.739783466348768,-0.45353397435316,-1.17496564057366
NA18740,1,30,30.94318558,-0.952852619146513,1.95340508430547,-1.40993389529227
NA18745,0,25,17.91398538,-1.2971108834015,0.0798172527642139,0.662077952971867
NA18747,0,22,18.9453804,0.819908492393495,-0.999140339769891,-0.944548961454295
NA18748,1,40,32.91270758,-1.23010685653905,-0.509486187230237,0.355555549594382
NA18749,1,39,35.42969486,0.100100494524316,-2.47181480105472,0.195505037518896
NA18757,0,26,33.20426293,-0.888907213864186,1.06124902680773,-0.00793744755163414
NA18853,0,29,21.16202714,-0.56994928867041,-1.11296315362352,0.101997828971401
NA18856,0,22,18.8579749,0.0825673447453691,0.258000518172482,-0.305481902702599
NA18858,0,29,11.21860686,-0.0881859828242677,0.874155253066827,2.69013982586922
NA18861,0,21,20.22925576,0.0690432411203251,0.315840442201348,-0.920194248413853
NA18867,0,24,24.43625114,-1.47460440133512,-1.31827795722026,0.0391990340720455
NA18868,0,23,10.86836856,-0.52728526846083,-0.94961533351441,0.00821313661913103
NA18870,0,27,11.32862692,-0.771998308299526,1.35075075727554,-1.00304493387747
NA18871,0,24,16.64572386,0.788717429300617,0.761466123104824,0.456698242222669
NA18873,0,23,16.10090658,-0.800191974555397,-0.263732055281633,1.31100458668732
NA18874,0,23,18.3194328,0.852261824062602,-0.483032598153731,1.01117809202747
NA18907,0,24,19.86141059,-0.0232738224159984,-1.88085359057547,0.00166653155471909
NA18908,0,27,18.94525283,1.25622535154039,-0.470431864017156,-0.0827288083695232
NA18909,0,22,10.12366832,0.392652965952395,0.0623339053540573,0.446107395294561
NA18910,0,21,15.26562159,-0.197538209033108,-0.049483035656557,-1.22617401443997
NA18912,0,23,12.8927328,0.877821064728549,-0.74107123761781,1.31743790939548
NA18916,0,26,18.21646364,0.741215333777733,0.0658829422295081,-1.32083369357196
NA18917,0,29,30.13833035,0.622559855357323,0.808345195052183,-0.15533139760725
NA18923,0,25,14.85975793,-0.292140818149999,-2.44666389017793,-0.666657118892534
NA18924,0,29,18.5341007,-0.699134695408259,-0.289414851161264,0.0630687580860986
NA18933,1,32,12.54071269,-1.65360761710516,1.55762046092887,0.850668548114154
NA18934,1,37,14.9774376,0.34435019989141,-0.366773149465801,-0.894491613544719
NA18939,1,32,37.24501364,0.788710459146951,0.928151260531746,0.412510774435843
NA18940,0,25,19.7550542,0.699147233728081,-1.56318328185731,-1.67050637433899
NA18941,0,30,24.64039523,-0.995202290510201,-0.929316599167355,0.00712346157152783
NA18942,0,22,17.61031337,0.964715815437044,0.082191352114979,-1.82584738036164
NA18943,0,27,24.1327128,-0.928580266289621,0.0288280434612685,-0.252440773453652
NA18944,0,30,23.25241748,0.874592752363321,1.09953244091561,-1.44806790462426
NA18945,0,21,23.35655694,2.13262654859303,-1.54271311797171,1.19284004533697
NA18946,0,21,23.11105347,-1.60116641361026,1.37648732487295,0.0954253272712022
NA18947,0,22,19.66391899,0.765589559586425,0.9651112119555,-0.752058449889184
NA18948,0,24,23.05253574,0.63393689210278,-0.0876625229674965,-0.870959312815943
NA18949,0,26,18.85539584,-0.962553901830186,-2.63412541264102,1.21742043630939
NA18950,0,23,24.69318847,0.263414601874661,-0.863625860641591,-1.19953384577983
NA18951,0,29,22.8677924,1.29180261580021,-0.12302576477899,0.534485403897501
NA18952,0,20,21.64537735,-1.09938315791696,-0.621472972081023,1.2693775308312
NA18953,0,28,24.49585199,1.161160598183,0.13585110397413,-0.499954272364179
NA18954,0,23,34.17578809,-0.296798001845511,1.19530334746302,2.26194224181252
NA18956,0,27,13.90689929,1.03095653123223,-0.0588603714617234,-0.751816004717476
NA18957,1,32,25.62732262,1.30772945492257,-0.316389770766778,0.695944333518508
NA18959,0,27,12.63279639,0.973898922518468,-0.817187826061534,-1.73277731629969
NA18960,0,25,14.33935413,-0.81556782557621,2.18333837044639,-0.358286392895332
NA18961,0,25,21.63821946,0.43603572671134,0.105140549519417,1.23341960884365
NA18962,1,36,27.52009934,0.387500601848376,1.34749655591064,-0.134747470530165
NA18963,0,23,14.74464549,-0.10728740779434,1.23001944330096,0.108172493407472
NA18964,0,24,17.98323206,0.0815531581512581,0.216733478286526,-1.27394038981649
NA18965,0,27,16.7149912,-0.890598662789477,0.392055327058623,0.484245691814847
NA18966,1,32,28.09611998,-0.030986852567353,0.474278717131161,1.32482532060549
NA18968,0,21,16.04094618,0.32756427876057,-0.138534736673447,1.07100144043386
NA18971,0,24,13.21079079,-0.992758734143955,1.11346916289403,0.608763246432449
NA18973,0,22,21.33142995,-0.463281485754618,0.26472422320267,-1.05414091890846
NA18974,0,23,23.83826487,-0.499664433777295,0.824297272304911,-0.0741604295074402
NA18975,0,23,11.26320764,0.505307368376952,1.35812242555435,0.607977433980841
NA18976,0,25,22.80727033,0.985710250356789,0.450017780777807,-0.12186463975224
NA18977,0,22,16.12971988,1.06206179214868,0.455316801728118,0.437321449949123
NA18978,1,37,27.59142016,2.08535332337417,-0.0172957524811737,-0.613606667617754
NA18980,0,21,16.15276792,-0.571905740193268,-0.575087154124813,2.51044946151433
NA18981,0,28,15.51990835,-0.948772344314946,0.106326815485091,0.0999153036553306
NA18982,0,23,12.03025372,0.786552905218546,0.983921311625174,-0.858038694192925
NA18983,0,29,11.27387542,1.95424354441069,-0.0787727967902401,1.06453414895919
NA18984,0,28,11.17794724,-1.72835050028147,-0.270790051075973,-0.950642696042328
NA18985,0,22,15.57264884,-0.902602336926911,-1.71616279482961,0.250172737451248
NA18986,0,26,17.28534951,-0.51505598552361,-0.251240334234145,0.452696008719869
NA18987,0,24,38.32691147,1.11518372739811,-0.613890012045961,-0.0633354080310075
NA18988,0,21,13.86840744,0.852370398232508,-0.11738651395511,0.625697873143896
NA18989,0,24,11.58063723,-1.35018685820634,1.39298664582659,-1.77748552265678
NA18990,0,28,19.5759328,0.488363183601261,-1.65515947707856,-1.33628358060036
NA18992,0,27,30.38290836,-0.0871504846186085,-0.869535665347278,0.546622603595715
NA18994,1,36,29.42592853,2.46691753355998,-0.571533942583791,2.01521349045365
NA18995,0,28,34.29261168,0.297501767744525,0.71122563889918,-0.330747813313971
NA18998,1,36,38.51547109,-0.309249093102057,-1.11169435744671,0.0282886936544223
NA18999,0,25,22.91808683,0.108807807198456,1.12552693607361,-0.715762292179303
NA19000,0,24,14.56712274,-0.511524171990648,-0.0921345966824536,0.334845081832775
NA19002,0,24,29.19075792,1.03690185011184,-0.499643072583175,-0.345030889430106
NA19003,0,27,10.48807688,-0.673079543057928,0.655442170015961,-0.770315413060543
NA19004,0,24,34.3970409,-1.41041119499475,0.196270789182231,0.267315922566918
NA19005,0,25,10.42086119,1.67941597998163,-0.438310009359019,-0.60091058237532
NA19007,0,23,12.98773156,0.0659441275421614,-0.953622618820911,-0.177344038689088
NA19009,0,24,15.44739558,-0.55134486009624,0.323879200583093,-1.09475991675294
NA19010,0,28,18.00109299,-0.688351222647878,0.878720715691122,-0.245065683344096
NA19012,0,21,22.02882836,-0.806879894007802,-0.826253580484335,0.105357346595925
NA19020,1,40,35.21202847,-0.846640205208411,-0.680231133124051,0.036711460290231
NA19028,1,40,34.41164437,-1.04644935985727,-2.13356614730116,-1.55891088932473
NA19035,1,37,26.1683131,-1.11580170304643,0.659527403057359,-0.30148455717849
NA19036,1,36,27.64358096,-0.500879341721379,-1.92763125097627,-0.707010375476572
NA19038,1,36,27.70068242,0.0449102475705025,0.302131318124302,-1.32383224071162
NA19041,1,33,39.58693836,0.770604866247615,-0.888022014327957,-1.09145554115701
NA19044,1,30,36.00710071,-0.701650647251602,0.34790840305783,-0.792806602313186
NA19046,1,33,33.89557174,0.381704286748503,-0.175030056527176,-0.504150414460448
NA19054,0,23,20.75762943,-0.172012820168949,0.301343256630543,-2.86220179625057
NA19055,0,25,17.90807571,-0.0555776704411724,0.0302096182775076,-0.931226117823102
NA19056,0,21,15.42294989,-1.12768510756145,-0.238970500184655,-0.70103865779256
NA19057,0,22,15.28667855,-0.0809343901969679,0.235807338224089,-0.398070176229347
NA19058,0,22,12.8056857,0.685062932158278,-0.385432413695343,-0.95431931579064
NA19059,0,20,18.83447392,1.28043723142461,1.91617399075332,-0.892681086005741
NA19060,0,29,18.20959405,1.09766366797695,0.0696989210208281,-2.1714133332119
NA19062,0,28,21.73710115,0.583186560447489,0.733710164461629,0.962020434001947
NA19063,0,27,11.82293806,-1.17599100361126,-0.870232698400471,-0.889623491650983
NA19064,0,22,17.31390341,-0.900663300820181,-1.3826928396539,-0.570635059332554
NA19065,0,20,17.56517841,-0.736051437522123,-0.293571226161738,-0.296241774728722
NA19066,0,24,24.84232293,-0.911640450650463,1.81896927192402,0.179372963160471
NA19067,0,28,23.83856448,0.083236238943637,-0.320972066492007,0.571475133912513
NA19068,0,27,23.47554022,-1.37876514318403,-0.202584318496745,-0.984771783347001
NA19070,0,22,37.66615353,0.783682896057053,0.325311758599192,-0.654030616911785
NA19072,0,22,23.123696,0.58617283041499,1.05636828951124,2.05108301421446
NA19074,0,26,23.70470634,0.30130465926593,-1.51650029864886,0.878778981041083
NA19075,0,24,15.5731478,0.851391262154006,-0.871712322675167,0.758935345851707
NA19076,0,21,15.0702529,0.00962654709323455,0.229561921865798,-0.402106545845515
NA19077,0,28,11.36965098,-0.31261047162481,0.814212976139742,1.89267435303537
NA19078,0,30,17.51138691,-0.214959462961662,-0.305149759752166,-0.520320862368636
NA19079,0,29,16.13995955,-1.03201242480701,-2.33922674187628,0.166262036716282
NA19080,0,29,28.50529044,-0.82509067900383,-1.68991740864487,2.43550824584979
NA19081,0,27,19.91401655,0.357177826171985,-0.309718809530289,0.900974150933362
NA19082,0,30,15.03222865,1.23418774673912,-0.587056107159738,1.12726301686857
NA19083,0,24,17.00986946,0.610453777495045,-2.20197099981747,-1.06375415971803
NA19084,0,22,15.75647328,1.47702198938127,0.910837469586746,1.17950909440545
NA19085,0,21,16.4117796,-0.256990190299241,-1.62627648436355,0.0172278867288029
NA19087,0,23,35.82002035,-0.082611571584624,-0.227106081383074,0.685038124571546
NA19088,0,22,13.46082457,-0.219222947367122,-0.694872033106189,0.0220337928270535
NA19093,0,21,24.11021634,-0.762283390943278,0.417692468378019,-0.525517059509391
NA19095,1,39,35.96117114,0.288645757214204,-2.58270816463561,-0.0845920764393443
NA19096,1,35,27.8951167,0.854309018354341,-0.0471644474932231,-0.370192467397827
NA19098,0,25,20.91226445,1.21147995376123,-0.152289707257345,-1.2947860277487
NA19099,0,28,23.47323097,-0.0899166266361616,1.21924342787124,1.38583333641389
NA19102,0,24,10.74143589,-0.0536161243919494,-1.49157776605722,-0.307117608749711
NA19107,0,27,23.66983098,1.24171382065825,-0.639037482266086,-0.201447349563088
NA19108,0,24,18.06652247,0.917995768904438,-0.826308340019261,2.26550050558511
NA19113,1,30,32.03097629,0.65920045161264,1.33664747583052,-1.01747352740753
NA19114,0,28,13.17816036,-0.2854437725435,-0.97464778208769,-0.515158150981001
NA19116,0,25,14.72368388,-0.454350746166005,2.73730667107437,-0.352602033607649
NA19117,1,35,38.27666122,-0.559257655722018,0.797601841754639,1.15713743451816
NA19118,1,32,28.07248165,-0.663577621908761,2.00670316878085,-1.5324499528283
NA19119,0,20,17.8065408,0.887280890165021,-0.069080424001258,-0.734736973447536
NA19121,1,31,31.55411061,0.523617274220626,-1.93309627448381,-0.716342446008588
NA19129,0,22,14.43327524,1.89338395593534,-0.450077767178435,2.02294998583017
NA19130,0,29,18.63175572,0.00959870950001433,-1.45016777915231,0.668198929312878
NA19131,0,20,16.2017125,-0.410300980550431,0.291676166057918,2.09924294990447
NA19137,0,25,24.70878317,1.4299851417348,0.624192983993462,-1.2263001676422
NA19138,0,21,23.82297543,0.678963609690605,-0.891188090585305,-0.749186605882981
NA19146,1,37,25.66481117,-0.560446164488728,1.84172933666578,-0.814706317571356
NA19147,0,25,24.82268766,-0.732013899028616,-1.64089695002904,2.14237543742704
NA19149,1,39,30.65440532,-0.11268755947518,-0.439734308880044,-0.340007644961447
NA19150,1,34,39.57005411,0.115498866394184,0.424545535348262,-0.0594750697965112
NA19152,0,27,11.84802381,0.017779851310468,-0.125392461279801,0.40845788220932
NA19160,0,22,17.33676497,1.02424508166011,1.44094588021839,1.25154963182757
NA19171,0,29,24.41981647,-0.683627425478781,0.286187375262641,0.0761682193477726
NA19172,0,22,17.38274047,-0.718111970434355,0.974160216048311,0.783441555495901
NA19175,1,38,30.19943483,-0.273683612653032,0.656970667519436,-0.0693043444756675
NA19185,1,33,37.07585737,1.05375622404083,1.06881320506282,-0.0322934831315167
NA19189,0,23,24.97972011,-0.313547561449288,-1.47737455700001,1.74036268135285
NA19190,0,20,14.06424681,-1.3007166650638,0.192862170010784,1.58006983599611
NA19197,0,25,10.58278201,0.791050594223799,1.43357656051187,0.29957814941566
NA19198,0,29,19.49836627,0.792435718431026,-0.398716669491588,-1.59362538540301
NA19200,0,24,19.87226806,-0.20109644655957,-1.02689924241776,-1.43598743913555
NA19204,0,24,11.79399378,0.514951840070719,-0.438864385676203,-0.214410411845977
NA19207,0,25,15.75068195,0.621732426125778,0.951889743917854,-0.661725287474185
NA19209,0,27,20.02752965,-1.27327273637817,0.227535602768566,2.01319478134735
NA19213,0,27,13.78748243,-0.717337305643308,-0.673665304117034,-0.101104558613636
NA19222,1,33,32.17430423,0.562380878304511,1.64750054804768,-0.438534946663966
NA19223,0,23,19.74164039,0.335837028442253,-1.62434834897016,-2.5946510531337
NA19225,0,25,22.83019573,-0.973282062488652,-0.004128324383621,-1.14305318935631
NA19235,0,25,15.72311538,1.29115432291172,0.184856436887425,1.10410057776608
NA19236,0,30,10.97914608,-1.41581347092868,0.0129062599891543,2.41748596089552
NA19247,0,26,11.28456965,0.0627561542667165,0.438896581832468,0.790285851469222
NA19248,0,28,22.19265382,0.552062580483027,0.489971607856567,1.00134683344874
NA19256,0,29,23.91729813,-1.04496524071114,1.90560653507458,0.85034087422834
NA19257,0,26,11.44323779,0.287903476040953,-0.84700754245932,-0.169500105960931
NA19307,1,40,35.29716993,0.859490791625356,0.399493118308779,0.202387127162788
NA19308,1,38,31.16947129,0.0379652740211396,-1.21980735087451,-0.334730981281582
NA19309,1,38,35.26879418,-1.36432232166454,-1.86432030907228,-0.456056833846414
NA19310,1,30,32.38860696,-0.0214694372254926,-0.942097111894645,-0.143048471414656
NA19311,0,28,14.07011928,-0.00842921737997422,-0.154861592255442,0.489234339898235
NA19312,0,24,24.28293022,0.571341493665138,-1.71931321846009,-0.927085028637922
NA19313,0,29,20.92303619,-0.587040522173353,0.969751828823632,-0.165981409926751
NA19315,0,23,12.31288765,-1.32587264535321,-0.407470056566092,-0.649937034969393
NA19316,0,27,14.55600025,-1.05638963656372,-0.279019880434431,-0.874965257791464
NA19317,0,26,24.58893189,0.947529566017054,-0.409923335502277,1.8438830588088
NA19318,0,25,10.04748214,0.867884682618795,-0.75852476768207,-1.59729617616036
NA19319,0,24,18.61402704,0.365277627696254,0.702243171490384,0.907193317607446
NA19321,0,20,19.7522931,-0.410997391970828,0.122827193942341,-0.212447042777649
NA19324,0,24,24.13445504,0.105029855763752,-1.1764491172074,-0.0176909639953444
NA19327,0,24,24.9463276,-1.08303631542175,1.583534273241,0.607394798597656
NA19328,0,26,10.08176453,1.25014897918398,-1.10446738979879,-0.686808770882871
NA19331,0,20,14.65049002,1.08814357440447,-0.337566457005268,-0.372296876391737
NA19332,0,24,14.81276575,0.341634687009465,1.63907243624538,1.37616334603422
NA19334,0,27,17.12873275,0.872686426911211,-0.44607992338516,-0.193987268975516
NA19338,0,27,21.91553575,-0.667518805214779,1.32934691153626,0.178612039622133
NA19346,0,24,15.62433047,-0.135184825366325,0.131519086525315,-1.52149760862048
NA19347,0,28,10.21922824,-0.83250097652133,0.823779995841362,0.951977613258027
NA19350,0,29,12.89104597,0.7435821773192,1.47385474470782,0.600694797388211
NA19351,0,25,16.02298971,1.69753983078231,-0.642907100311131,-1.07194559746637
NA19352,1,38,30.77755044,-0.639468645413594,1.47082913018466,-0.27350954296994
NA19355,0,24,22.60182617,1.12821048254052,0.0781651861474321,-1.75138740154568
NA19359,0,28,20.93928409,0.411306112486494,-0.494287631472778,0.299485081966013
NA19360,0,27,24.93758191,0.463885030999473,-0.0221574174846629,-0.992254461798786
NA19371,0,21,18.09323957,0.632267080169792,-0.612363193583163,0.0915073773885176
NA19372,0,26,12.27921786,0.541114064586457,-0.931703737936915,-0.341178930853449
NA19373,0,22,15.73457978,0.0602144197019778,-1.16123980493192,1.40587627260551
NA19374,0,26,18.3460032,1.98785981385383,0.0128275898933484,-0.772811716098654
NA19375,0,28,14.57255336,1.67822270158658,0.840380306294391,-0.0533896558841389
NA19376,0,28,13.02080626,0.362456895034437,-0.622406684740616,-0.120929546750471
NA19377,0,24,19.82288166,-0.0602803483684128,1.54591085804745,-0.721518662543394
NA19379,0,23,17.40721117,-0.993878071738494,-0.104019758931013,0.217178668970221
NA19380,0,28,12.825321,-0.228708577878183,-2.84273624896786,-0.812726318110012
NA19381,0,20,19.94153484,0.257508274063786,-0.360216365940475,1.56744163454144
NA19382,0,30,10.06559416,-1.10016376376237,-0.0958691564903529,-0.902497517271999
NA19383,0,25,11.39371628,-0.685895695885732,-2.37919705350404,1.94424281875528
NA19384,0,22,13.83366083,0.394102650897859,-0.104509700416835,0.609718132712881
NA19385,0,22,22.88981267,-0.313916982687368,-0.740289069149415,-2.46822715201101
NA19390,0,25,18.1414603,1.34261120167463,2.9378569563934,1.2409842195351
NA19391,0,23,20.65066787,0.527639364334068,0.776410937845491,0.897634395306352
NA19393,0,28,13.59849183,0.793747234227267,-0.345435681777441,0.0476846914725783
NA19394,0,30,19.36317475,-0.586595414808428,-1.00904043672571,0.262537482384773
NA19395,0,28,14.02273748,-1.34940037077514,1.24017067029574,0.838321539833391
NA19396,0,21,17.50751074,-2.27108721147757,0.345363925870083,1.25147821056088
NA19397,0,20,24.42748985,-0.244117528259311,1.6153822008066,-0.585051507819643
NA19398,0,24,14.5837541,-1.05955954564394,0.280057614437696,0.474528166743623
NA19399,0,28,23.43432145,-0.846451560728585,0.281622124311601,1.91476429511978
NA19401,0,27,22.86485768,0.181329615389702,0.227602117306321,0.321748134777362
NA19403,0,21,21.42017738,-0.522266477663665,-0.236133852474444,-1.08887220326665
NA19404,0,22,21.31915579,1.82958873408543,-0.902815829128455,-0.831848291980778
NA19428,0,24,11.90046593,0.624168082619992,-0.81480256428846,0.951926128688506
NA19429,0,27,16.21759356,-1.08809770614242,-0.462483739434446,1.64650009971153
NA19430,0,25,16.19152771,0.557037103163719,-1.60980397790879,0.389222802010643
NA19431,0,24,24.91070421,1.39795005208745,-0.0427705950767514,1.84352896361889
NA19434,0,27,18.38618972,0.693212561154428,-0.635610244832351,-1.36270282065258
NA19435,0,23,13.90191565,1.20072896971556,-1.45519907919119,1.29853405302717
NA19436,0,28,17.65399712,1.23497549107451,1.70276324956151,-0.518673309128214
NA19437,0,23,19.16351672,-1.441740014853,-1.68201504714305,1.61356676247108
NA19438,0,21,13.97923152,-0.832280318221743,-0.644024272601417,-1.42751685368055
NA19439,0,22,16.76312631,0.679383951266233,1.44759502510119,1.30455024104055
NA19440,0,23,28.00799802,-0.246274948401465,-2.00200540982539,-2.26948861940105
NA19443,0,27,12.04142312,0.26712266909463,-0.134628542482607,0.141651127683548
NA19444,0,24,21.03597017,0.763857645219586,0.0760530885150573,-0.00822568045947679
NA19445,0,29,13.69782776,0.0126901153635351,-2.49146822822209,0.586408367076306
NA19446,0,22,14.19950561,0.133392198323618,1.01643071395979,-0.319613700036372
NA19448,0,27,11.93776668,0.105170322322093,-0.101881756037891,-0.189723230107672
NA19449,1,31,18.39315689,-0.496724773662011,-1.01549749448473,0.795755160082097
NA19451,0,20,34.94916341,0.193817229291747,0.45075359712922,1.25705563750535
NA19452,0,20,21.93248414,1.49603430713398,-1.85373267448462,0.271864148805733
NA19453,0,28,11.2878593,0.350318775989534,1.62368987197902,-0.675364010652738
NA19455,0,27,17.61968774,1.785398834956,0.222985622930617,-0.367767141335439
NA19456,0,21,16.27385551,0.526324330794828,-0.629164221472908,0.801995573262668
NA19457,0,25,20.31435325,1.53188092747456,-0.320143904066722,-1.12607823283986
NA19461,0,26,24.53668789,-0.797866166344408,-0.593795375668963,0.530837039764503
NA19462,0,24,18.09676376,0.749325926518697,-0.0917357604312215,-1.15492802842294
NA19463,0,28,26.60313957,-1.45849397774159,1.36028998159635,1.6398435102099
NA19466,0,22,17.11276467,-0.116554115731566,1.21133457853203,1.6834101951668
NA19467,0,26,21.65590721,0.0667811891789091,1.30972981662542,0.394742053780156
NA19468,0,21,21.11647316,2.24593459486958,0.340469926067907,-0.424619054650081
NA19469,0,26,17.95978213,-0.399224899122713,-0.492605806366112,-0.337846736931122
NA19470,0,21,13.20396325,0.2208089698994,-1.5510413632726,0.235302724036094
NA19471,0,27,21.70520803,0.16875455469363,0.463760911215211,-1.0626193794536
NA19472,0,25,19.190497,-1.41672945907235,-0.280549333956062,0.0805289416376425
NA19473,0,21,23.41075144,0.124155616635176,0.0961581312108148,-1.03771380341843
NA19474,0,20,11.37900291,1.31527313518914,0.64465309958209,0.0322835099745455
NA19625,0,30,12.23904449,0.200565892278475,1.64211808489095,1.10798556500014
NA19648,0,25,21.38272998,-0.0409768597574381,-1.73209164080016,1.03367009503406
NA19651,0,28,11.88154817,-0.16352337998684,0.22384143832582,-1.218016927584
NA19652,0,27,19.28827748,-0.462438678095776,1.8384688665623,-1.59648106363702
NA19654,0,23,16.29553272,0.633884506564904,0.680602836005511,0.170580678206237
NA19655,0,28,21.25775815,-0.209978445506181,-0.906949454778566,0.369367950227796
NA19657,0,26,38.87076831,-1.71886656711814,-1.02009341138149,-0.237106236363458
NA19660,0,21,28.8822615,2.48762176584697,-1.39777737400971,-1.16229913921194
NA19661,0,28,20.45636205,0.22359558430839,-1.10221327729088,-0.885829724677488
NA19663,0,25,14.10664828,-0.636747193375878,-1.41959625487735,-1.2817286335033
NA19664,0,26,19.10020668,0.539765702152853,0.0327173543958889,1.73151504745039
NA19672,1,36,35.02442647,-0.893778008537089,0.626653398998005,-0.221817521394898
NA19675,0,29,11.01405634,-0.795790184129206,1.53766231203717,-1.2489855842009
NA19676,0,22,19.7892438,-0.0876761837032833,-1.68138482109791,0.350415612114156
NA19678,0,24,14.75519417,0.408256933588481,-0.701964427991763,-0.687243435785471
NA19679,0,22,23.49585825,0.612163071909794,-0.518427636128794,-1.12118968570471
NA19681,0,30,17.82447927,1.43765877532034,-0.509753700048197,1.29898711083855
NA19682,0,25,16.87385539,0.587894376293037,-0.548999547267668,-1.22611505660611
NA19684,0,30,11.84498059,0.266748511198178,-1.43377236201909,0.679035980837149
NA19685,0,29,35.96042476,1.37655870206428,-1.03500934695108,-0.539948839006368
NA19700,0,28,15.09347578,2.02951336109735,-1.92005696491019,-0.380121725535115
NA19701,0,30,19.61058229,0.17901807406803,-0.747408833992096,1.9678991916367
NA19703,0,28,23.7298773,0.622980508721556,1.78073115812234,-0.733988568992422
NA19704,0,28,20.38522166,0.517854695813861,-1.02838356405162,0.912821043504254
NA19707,0,27,15.40208659,-0.0317857487742438,-0.0618906457867672,2.21757257378937
NA19711,0,23,24.77545842,0.152631712558478,-0.928762782627529,-0.804129022616381
NA19712,0,28,10.59926693,1.22730544994478,-0.368525522761364,-0.487329475155132
NA19713,0,29,20.20497956,-1.7857922797668,-0.621922761695599,2.3276012461587
NA19716,0,29,23.84039214,0.785107760829962,0.316436498041635,-1.29695137472075
NA19717,0,26,22.50606561,-0.560355473756072,0.68142152830855,-0.166480859636249
NA19719,0,28,12.9951053,0.622615020494367,2.11175433030146,-1.03474178937888
NA19720,0,28,23.00884586,-0.330195700250379,-0.214195296127745,-0.737924542130927
NA19722,0,26,17.90305824,0.863946821264382,0.104248240114243,-0.400517905891353
NA19723,0,25,12.86578924,-0.299522789510858,1.8641599004664,-1.19226255185419
NA19725,0,30,18.70916892,-0.53241466884127,0.0737281419048312,0.545862796595192
NA19726,0,26,24.87280589,-1.84080538510548,-0.180818327096699,0.538628071507162
NA19728,0,25,14.4127646,-0.0358587649900502,0.00457044840058545,-0.165673738978405
NA19729,0,25,24.53821036,0.502244792457616,-0.630353214807939,0.722606499593426
NA19731,0,23,24.06725195,-0.35368495314577,0.120886051836218,-1.28720769039571
NA19732,0,28,17.68331355,-1.19126255426053,-2.21454867364338,-0.724902706305883
NA19734,1,34,39.72924671,2.10741570050915,0.257231866164524,-0.0399501596233268
NA19735,0,28,30.44442051,1.30211974864242,1.484713293498,0.592455414981661
NA19737,1,32,38.03984363,-0.94676454326738,-0.308307098197955,-0.658191330624569
NA19738,1,39,38.11237379,1.09731256451234,0.265599195558709,-1.99350514820076
NA19740,0,22,29.96760818,-0.92928163473857,-0.207616099625657,0.761881897327131
NA19741,0,20,38.48261651,0.383510284094838,-0.137409522530036,0.15239044712286
NA19746,0,21,15.65481326,1.50896115457443,0.872953843963324,-1.29590163031297
NA19747,0,24,12.80344129,-0.422946530637426,-1.96621117981622,-1.94581826948742
NA19749,0,27,26.00517652,-1.68567573615833,-0.459840654126859,-0.483719378599733
NA19750,0,23,14.38142888,0.723605482035954,-0.213518065909064,1.08360446246365
NA19752,0,26,38.99909004,-2.42045978602621,-0.678861809130724,1.35610481172061
NA19753,1,35,39.21422076,-0.474816685325105,-1.15268960092789,-0.0831980538015209
NA19755,0,23,33.71311988,0.828024796549661,-1.67932132504077,1.25055598050648
NA19756,0,28,37.34246714,-0.0971901809599368,-0.128063696927246,-0.155144957070954
NA19758,0,27,22.81434972,1.93918849521387,-1.08630564749492,1.14274626244218
NA19759,0,23,23.06017605,-1.24787100077905,1.31159891021464,-0.0949627215101847
NA19761,0,27,31.25256363,-0.613496420069769,-0.00904780087412944,-0.318383897028665
NA19762,0,23,37.5986978,-1.25028893665542,0.382708442549679,-1.37447574980149
NA19764,1,35,27.59416347,0.756961671129247,-0.211923018034722,1.09059190019415
NA19770,0,26,14.33011739,0.0442686680596134,0.672759176618974,-0.367544193006522
NA19771,0,21,16.39941449,1.091156001879,-1.80592543675536,-0.198229166976297
NA19773,0,21,38.92323631,0.50796086467637,-1.34236530702232,-0.28060901649033
NA19774,0,29,10.73863565,-1.16689627539455,-0.979345614590522,-0.450990133836476
NA19776,0,28,12.54199826,-0.103134399573155,-1.57203749114634,0.577668814394845
NA19777,0,27,10.30114923,-0.544973092459261,-0.607099801263604,-0.836023801087933
NA19779,0,20,14.34786412,-0.960431266680742,1.31996008558753,-0.726509295440233
NA19780,0,24,16.2536842,1.03049950908462,1.24027158328956,-0.915493915900699
NA19782,0,30,29.5865071,-0.427440969911579,-0.381564865196374,0.484971441111948
NA19783,0,27,10.33935409,-0.789405395605974,0.600653628046148,-2.31485150672111
NA19785,0,20,19.48679426,-0.0416472255011056,0.73618710877767,0.0847244067944675
NA19786,0,24,11.90409949,0.948735506487087,-1.38073599322976,-0.676815074306848
NA19788,0,30,23.89487604,0.696658335031118,-1.64816513854535,0.170713278011158
NA19789,0,23,18.23221808,-0.687436344581675,-0.665757139776711,-1.65182301438703
NA19794,1,31,26.08931052,-0.0277541016317543,-0.113562090398392,-1.19909836811132
NA19795,1,34,39.31500008,-2.37667428502785,-0.652003680395018,-1.15156103511501
NA19818,0,29,11.41656274,0.0665618789171678,0.313173549521016,0.221359773616854
NA19819,0,23,19.87690105,-1.0503188956909,1.23996659668176,0.25764657824648
NA19834,0,21,10.66514016,-1.30684253759427,-1.1405382617506,0.856674857020388
NA19835,0,22,12.19414851,0.129056214311673,-0.557309669168792,-1.14490758168544
NA19900,0,21,17.75978852,0.4857502526282,-0.447517011045972,0.0734207599793458
NA19901,0,26,16.37200851,0.108626570426189,-0.0549057250376098,0.496597887657592
NA19904,0,29,21.59727839,-1.302192572656,-0.973297306214802,-0.856331288579764
NA19908,0,28,18.3761403,0.362913091492885,1.68468378356681,-0.948005932040881
NA19909,0,27,16.79887055,1.06382694477272,1.20715856327229,-0.809734015473732
NA19914,0,22,13.99205786,-0.62233138389046,-0.433853990583293,-0.454006478844203
NA19916,0,23,16.2032857,1.36724615675964,0.85229709469347,0.0119001865183733
NA19917,0,22,22.59950069,0.206039061781638,-1.61630148927795,0.842340387504187
NA19920,0,20,14.47233437,0.113729048639809,0.566936047766567,0.14790889805109
NA19921,0,25,13.40796398,-1.18831469000086,-1.30290964632165,1.27478739857023
NA19922,1,36,31.4915764,0.124000810067268,-0.0363081664052059,0.51834161274545
NA19923,1,36,26.93246834,-0.0897185921132568,-0.602243146509532,-2.06234411735556
NA19982,0,25,15.56886979,0.696200909832256,1.32005402957893,1.03719971863287
NA19984,1,35,28.38368026,-0.963261743215143,-0.683622296386983,-0.574948189678453
NA19985,0,25,16.75654071,-1.02970715180023,0.286626641235432,0.7918096817791
NA20126,0,26,10.26500494,1.20592643062495,0.617303094308476,1.44618743890161
NA20127,0,22,15.59414198,1.20638396583143,-0.0977988614350678,-1.37955662823614
NA20276,0,24,22.14962532,0.343022381311962,0.284858445742455,-0.109786318396403
NA20278,0,25,15.93620526,-0.332752813386884,-2.15487434490607,-0.0552797811433814
NA20281,0,25,21.15509229,-1.24736271314543,-0.962823120700803,-0.193767655970707
NA20282,0,27,11.89653095,0.592268144907964,0.216739038561153,0.0552893445579712
NA20287,0,30,18.42015757,0.755900031491984,0.832159520216887,1.78990497329006
NA20289,0,26,18.81385242,2.46421718062978,-0.930788396662705,-1.34514533367312
NA20291,1,33,20.4135492,0.5255620843207,0.0778336491821802,1.79169609366645
NA20294,0,23,15.00769932,0.517702045700886,-0.119799888370738,-0.259804842796215
NA20296,0,29,11.87419704,-0.704167813209142,0.658584996635467,-0.306860633258867
NA20298,1,30,39.98951891,0.928026953909085,-0.186240208099732,0.306431260165572
NA20299,0,24,14.64465086,0.564443479524392,0.0577752351162522,-0.11765421301045
NA20314,0,28,15.30857374,-0.513794146180019,0.16571809121251,-0.733682028223434
NA20317,0,22,13.53201996,0.138753744862571,-0.560809435431541,-0.941120144856405
NA20322,0,22,17.43381844,-0.786180052328666,1.16748365189226,-0.788803593081822
NA20332,1,34,16.13281387,0.852361970977722,-0.100020478083046,0.0642585717889221
NA20334,0,22,19.91887218,1.05307046992654,1.23139416747582,-0.721750214668003
NA20336,1,37,16.47707572,-0.0865353542861783,-0.676844570519248,0.093189021783181
NA20339,1,36,33.69026611,-0.718023812088847,-0.755187731860001,-0.290941715671934
NA20340,0,26,10.27473116,1.99635208785488,0.121034888456062,0.529494593647137
NA20341,0,30,24.4505136,0.239441960772419,-1.84967285632674,-1.40309630603179
NA20342,0,26,19.8925837,0.150542880415692,-0.173137387837581,-0.155649052786339
NA20344,1,35,22.0446838,-1.66288952394684,0.445266127856321,1.41994855752877
NA20346,1,32,10.43792021,1.07829221272895,1.41751327942097,-0.849024741243536
NA20348,1,35,21.01336898,-0.734220895349563,0.498896269491563,0.904701917114482
NA20351,1,40,32.53813139,-0.22160215180046,0.572004962371288,0.514404199271251
NA20356,0,21,19.26849047,-0.530261020126862,0.500759656388201,-1.96221963095596
NA20357,1,39,25.3201842,-0.813207782882778,-0.561952618283922,-1.34409435736059
NA20359,1,37,26.97445298,0.266506328421897,0.146605758304722,0.172097966006608
NA20363,0,22,30.45993256,0.468246093048551,-1.31141469128363,0.885348622676854
NA20412,1,37,26.55067415,-0.0938202895719604,-0.422315766391466,1.47257598268895
NA20414,1,35,30.52686915,-0.731780336115898,-0.912531688920398,-1.80088893156533
NA20502,0,26,24.24918241,1.5817567959344,-0.512165905598365,-2.01436012266481
NA20503,0,22,10.19949667,-0.809042384956067,0.358926231201447,-0.086271166348844
NA20504,0,23,21.64620037,-0.98135003690068,-1.46533407557227,-0.405567049958952
NA20505,0,26,14.60190836,-1.80663590645104,1.20138423223888,-0.203474919410866
NA20506,0,29,13.31764195,0.0206450720588562,-0.831453433546458,-0.434240979308478
NA20507,0,25,21.22855547,-0.33521665483894,-0.179909976292766,0.00942188440921899
NA20508,0,21,10.53888439,-0.31157550933662,0.114404188904121,0.0414092887553609
NA20509,0,28,24.48794161,0.579581070652095,-0.527218956103264,0.430356429376114
NA20510,0,20,20.48920521,-0.738794249518942,0.0148122600957036,-1.38653646200797
NA20512,0,25,10.36743437,-1.95547253877064,-0.633034345878397,-0.224842065403757
NA20513,0,27,15.83588871,0.929887123686524,-0.0990059494777221,0.145322008758867
NA20515,0,29,14.34522875,1.32004709458366,-1.30434585275293,-1.26474989274278
NA20516,0,24,11.09776805,0.575809106655672,-1.03795940623938,0.195082551598616
NA20517,0,28,12.56476609,-0.766863972001839,-2.01362555747686,-0.524657715744052
NA20518,0,28,14.25914731,1.26414432571136,-1.08121970110906,-0.758541190321203
NA20519,0,28,11.14672058,0.386571126438997,-0.303800870758659,-0.724400883713471
NA20520,0,25,15.46603224,-1.17826631748342,0.18773371505421,0.800182910390941
NA20521,0,26,23.74784395,0.0603721267719399,0.758287016924154,1.25035330205149
NA20522,0,21,22.34860961,0.836783908556718,1.29653979377514,-0.735761933304463
NA20524,0,30,24.46969445,-1.46881306008503,-0.76266611126921,-0.241219969183833
NA20525,0,26,13.89429934,1.11949017558392,1.01426651168163,0.226411922842687
NA20527,0,24,19.46289092,-1.02866632955205,-1.00391620325539,-0.495203683968037
NA20528,0,20,24.21147753,0.501829132673252,0.994479169974715,-0.878217772293099
NA20529,0,23,23.33901586,0.266339530239686,-2.06520186778174,-0.442893951366567
NA20530,0,20,11.2644953,-0.792468434794965,-0.680597412936322,-0.082523650802628
NA20531,0,25,11.61463136,-0.983848596002244,-0.276351484609923,1.33662136023735
NA20532,0,28,18.81209774,0.817684958489165,-0.146594584371165,-1.19338279039432
NA20533,0,22,10.14142248,1.03572929037535,-0.728765476469084,0.900136642326557
NA20534,0,22,24.18436178,0.673260358150389,2.07222594461208,0.686753396147927
NA20535,0,26,13.26861421,-0.718629143067067,0.11888218359253,0.830832396834888
NA20536,0,29,23.76657606,0.870020217713094,-0.199249213226631,1.66165561436961
NA20537,0,28,17.13941273,-0.306668739528353,-0.927274864268722,1.3110933014198
NA20538,0,24,23.14906013,-2.0925855800558,2.15013078567377,1.06420272406689
NA20539,0,28,24.39130519,0.277342954074173,0.835185469212024,1.2801954475058
NA20540,0,28,22.42138996,0.886168205265075,0.708767824158678,-0.380875711671515
NA20541,0,22,24.54881191,-0.624643798356156,0.0303677886542667,1.32270760497323
NA20542,0,21,19.60427602,-0.310278758894354,-0.626300860511362,0.651497698746641
NA20543,0,24,22.58060198,0.00163506773634783,1.76246468582123,-0.834753237390777
NA20544,0,24,21.50340415,-0.857372437393793,0.407008945551903,0.276952126258769
NA20581,0,23,16.29751087,-1.81870556605453,1.25129192456564,-1.20762167217922
NA20582,0,24,13.86154072,0.389865297795812,1.23707281940787,1.10847183662462
NA20585,0,28,22.81485501,0.0483014038960581,-0.337100159067177,-1.16398262522678
NA20586,0,27,13.7138056,0.781208335463494,1.59515753605418,0.542583922819842
NA20588,0,28,14.82116944,-0.324668727008987,0.360463821483533,0.843597801359901
NA20589,0,29,21.04399611,0.325781249978966,0.462819862610728,0.495949869761008
NA20752,0,26,20.23875372,1.21898218383494,0.721939133431973,0.39992110050104
NA20753,0,24,12.11695518,-0.561283710609609,-0.312804757329468,-0.699473721496908
NA20754,0,26,14.20316828,-0.353586408985658,-1.05727050349339,-0.670259542497823
NA20755,0,24,16.90887564,-0.0809169768071386,0.929302195013025,1.91731634089679
NA20756,0,27,19.60318506,-0.379246647455786,-1.07585929695375,0.430534712329991
NA20757,0,21,18.25369654,0.820985763283875,0.246390735420104,0.312871620238637
NA20758,0,25,24.55366582,-0.867076896279549,1.12454051883494,0.399241974940727
NA20759,0,24,11.69235983,1.10688305204753,-2.15729024236938,-1.08219813300236
NA20760,0,20,13.52791212,-0.00562452663257119,0.0937896926417246,-0.324504483617759
NA20761,0,24,20.02217101,-0.32317199072278,-1.57772463592914,0.365581391961057
NA20765,0,29,13.99201374,-0.276612260866949,-1.51892298124562,0.878763582794305
NA20766,0,22,13.46964824,0.631966735982007,-0.190545062742461,-0.0913718800813582
NA20768,0,26,14.84744713,-0.977090095487539,0.24403323566945,0.262135086795008
NA20769,0,30,22.00019378,-0.678911173314016,-0.988104101279694,-1.25415827381365
NA20770,0,22,11.57100395,0.226232201109593,0.172636331072889,0.676377811608456
NA20771,0,29,10.25802856,0.00655799875689363,-0.3669814981703,-0.0403499726520824
NA20772,0,30,13.99534769,-0.0140472060337088,-0.570536904595175,0.187634557974496
NA20773,0,26,23.57674407,0.79514279330826,0.721252840322938,0.0480969527796492
NA20774,0,25,19.1184695,0.697034039180396,-0.169157829795736,0.383674565074848
NA20775,0,22,21.01885904,1.4946568753003,1.84713844226092,-0.538866546412519
NA20778,0,26,11.3130567,-1.28656887395993,0.0408224927464684,-0.0654898145963449
NA20783,0,22,15.57911595,-1.42838840216651,-0.209564708143518,-1.51190378404515
NA20785,0,22,24.00003248,-1.25537779875146,0.571362688427969,-0.872113164519454
NA20786,0,26,18.59225315,-1.14212536927645,-0.557232905934082,-1.07922976485436
NA20787,0,27,22.90349388,-0.504033379732048,2.14453597063899,0.357249644051505
NA20790,0,21,18.12358556,0.134637749606611,1.02312219806723,0.474431586731738
NA20792,0,23,13.36148435,1.18507912843039,-0.229871650348244,-0.536575712402762
NA20795,0,25,18.24677778,-1.33121488797673,0.719619226423815,-0.420259016620397
NA20796,0,23,18.7244712,-0.9517517897611,-0.408900736585901,-0.216517299771312
NA20797,0,23,19.1241593,-0.811073089501571,-0.36346953145294,-0.295358593171223
NA20798,0,27,10.08621644,0.340447356849552,-0.649601477828237,0.0435426362485813
NA20799,0,28,23.75526264,-0.0160603906694298,0.128205215934414,-0.56444501577753
NA20800,0,23,19.40453391,0.940297358222848,-0.615317181242554,1.30514766084419
NA20801,0,26,18.026757,1.24078008004756,-0.862461332625119,-1.00663704028782
NA20802,0,29,14.3074473,0.404257957495096,0.480870293263158,-0.954636313332184
NA20803,0,20,15.89134557,0.679731930075895,0.795472490334695,0.548181459290116
NA20804,0,21,24.1988964,0.174628411682131,-1.99485218445046,0.30608252870734
NA20805,0,27,24.35621895,-1.41105407093998,-0.390566305927747,-0.251703453231517
NA20806,0,27,24.79032829,0.467581529382795,0.565737214663075,-2.1324870273536
NA20807,0,21,11.87904346,1.69139121878048,0.305712730414486,0.171113592161857
NA20808,0,23,11.21955171,-1.26302679442027,-0.839154778451351,1.02398056452515
NA20809,0,23,17.30139656,0.670699128487269,-0.746602750909625,1.41170699253074
NA20810,0,23,21.08968486,1.23018765833054,2.08264465029976,1.15449678352222
NA20811,0,21,15.95264642,0.311735362845239,0.35902148875148,0.83864394653049
NA20812,0,28,10.87214213,-0.162081259862392,-0.345413741740697,-0.188085810159944
NA20813,0,21,16.87477029,-1.05873409618032,-0.948785488455455,-1.73162285680272
NA20814,0,25,23.02773594,-1.42661838641391,-1.55843068186411,0.271233173557332
NA20815,0,23,20.53139995,0.225895949782597,0.18981426815475,-0.0146197695033535
NA20816,0,26,11.93275771,0.822262820270988,1.28698424149825,-0.367969958764109
NA20818,0,23,15.62562012,-1.53319710954605,-0.0976647639375217,-0.524699674759314
NA20819,0,30,22.33612023,-1.20198346603689,0.203719893020181,0.561228879422592
NA20826,0,29,12.53467611,1.32123915565385,2.73314283023041,-0.10755415846154
NA20828,0,27,22.0488909,-0.174464341098209,-0.861152401037122,0.864175252829549
