,resp5
0,0
1,1
2,0
3,0
4,0
5,0
6,0
7,0
8,0
9,0
10,0
11,0
12,0
13,1
14,1
15,1
16,1
17,0
18,0
19,1
20,0
21,1
22,0
23,0
24,0
25,0
26,0
27,0
28,0
29,0
30,0
31,0
32,1
33,0
34,0
35,1
36,0
37,1
38,0
39,0
40,0
41,0
42,1
43,0
44,0
45,0
46,1
47,0
48,0
49,0
50,0
51,1
52,0
53,0
54,0
55,1
56,1
57,0
58,1
59,1
60,0
61,1
62,1
63,1
64,1
65,0
66,0
67,0
68,0
69,1
70,0
71,0
72,1
73,0
74,1
75,1
76,1
77,0
78,0
79,0
80,1
81,0
82,1
83,1
84,0
85,0
86,0
87,0
88,0
89,0
90,0
91,1
92,1
93,1
94,0
95,1
96,0
97,0
98,0
99,0
100,1
101,1
102,0
103,0
104,0
105,0
106,1
107,0
108,0
109,0
110,0
111,0
112,1
113,1
114,0
115,1
116,1
117,0
118,1
119,0
120,0
121,0
122,1
123,0
124,0
125,1
126,1
127,0
128,0
129,0
130,1
131,0
132,0
133,0
134,1
135,0
136,1
137,0
138,0
139,1
140,1
141,1
142,0
143,0
144,0
145,1
146,1
147,0
148,0
149,0
150,1
151,1
152,0
153,1
154,1
155,1
156,1
157,0
158,1
159,1
160,0
161,0
162,1
163,0
164,1
165,1
166,0
167,1
168,0
169,1
170,1
171,0
172,0
173,0
174,0
175,1
176,0
177,0
178,1
179,0
180,1
181,0
182,0
183,1
184,0
185,0
186,0
187,1
188,0
189,0
190,1
191,1
192,1
193,0
194,0
195,0
196,0
197,1
198,0
199,0
200,0
201,1
202,0
203,1
204,1
205,0
206,0
207,1
208,0
209,1
210,1
211,0
212,1
213,0
214,0
215,0
216,0
217,0
218,0
219,1
220,1
221,1
222,1
223,0
224,1
225,1
226,0
227,1
228,0
229,0
230,0
231,1
232,0
233,0
234,1
235,1
236,0
237,1
238,0
239,1
240,0
241,1
242,0
243,0
244,0
245,1
246,0
247,0
248,0
249,1
250,1
251,0
252,1
253,0
254,1
255,0
256,0
257,0
258,0
259,1
260,0
261,1
262,1
263,0
264,0
265,1
266,1
267,1
268,1
269,1
270,0
271,0
272,0
273,1
274,1
275,0
276,1
277,1
278,0
279,0
280,0
281,0
282,0
283,0
284,0
285,0
286,1
287,0
288,0
289,0
290,0
291,0
292,0
293,0
294,0
295,0
296,0
297,1
298,1
299,0
300,0
301,1
302,1
303,1
304,0
305,0
306,1
307,1
308,1
309,0
310,1
311,0
312,0
313,1
314,0
315,1
316,1
317,0
318,1
319,1
320,0
321,1
322,1
323,0
324,0
325,0
326,0
327,0
328,1
329,0
330,0
331,0
332,0
333,1
334,0
335,0
336,0
337,0
338,0
339,0
340,1
341,0
342,0
343,0
344,1
345,0
346,1
347,0
348,0
349,0
350,1
351,1
352,1
353,0
354,0
355,1
356,0
357,0
358,0
359,0
360,0
361,0
362,1
363,0
364,1
365,0
366,0
367,0
368,0
369,0
370,0
371,0
372,0
373,1
374,1
375,1
376,1
377,0
378,0
379,1
380,0
381,0
382,0
383,0
384,1
385,1
386,1
387,1
388,0
389,0
390,1
391,0
392,0
393,0
394,0
395,0
396,0
397,0
398,0
399,0
400,0
401,1
402,1
403,1
404,0
405,1
406,0
407,1
408,1
409,0
410,0
411,1
412,0
413,0
414,0
415,1
416,1
417,0
418,0
419,1
420,0
421,0
422,1
423,0
424,0
425,1
426,0
427,0
428,1
429,0
430,0
431,1
432,0
433,1
434,1
435,0
436,0
437,0
438,1
439,1
440,1
441,1
442,1
443,1
444,1
445,1
446,1
447,1
448,1
449,1
450,1
451,1
452,0
453,0
454,0
455,1
456,1
457,0
458,0
459,0
460,0
461,0
462,1
463,1
464,0
465,1
466,1
467,0
468,0
469,0
470,0
471,0
472,0
473,0
474,1
475,0
476,1
477,0
478,0
479,1
480,0
481,1
482,0
483,0
484,0
485,0
486,0
487,1
488,0
489,0
490,1
491,0
492,1
493,0
494,1
495,0
496,0
497,0
498,1
499,0
500,0
501,0
502,1
503,1
504,1
505,0
506,0
507,0
508,0
509,1
510,1
511,1
512,0
513,1
514,0
515,0
516,0
517,1
518,1
519,1
520,1
521,0
522,0
523,0
524,0
525,0
526,1
527,0
528,1
529,0
530,0
531,0
532,1
533,0
534,0
535,0
536,1
537,1
538,0
539,0
540,0
541,0
542,0
543,0
544,0
545,0
546,1
547,1
548,0
549,0
550,1
551,0
552,0
553,1
554,1
555,0
556,1
557,1
558,1
559,0
560,1
561,0
562,0
563,1
564,0
565,0
566,0
567,0
568,0
569,0
570,1
571,1
572,0
573,1
574,1
575,0
576,0
577,0
578,0
579,1
580,1
581,0
582,1
583,1
584,1
585,0
586,1
587,0
588,0
589,1
590,0
591,0
592,1
593,0
594,0
595,0
596,1
597,0
598,1
599,0
600,0
601,0
602,0
603,0
604,0
605,0
606,0
607,0
608,0
609,0
610,0
611,0
612,1
613,1
614,1
615,0
616,1
617,0
618,1
619,0
620,1
621,0
622,1
623,0
624,0
625,0
626,1
627,0
628,0
629,0
630,0
631,0
632,1
633,1
634,1
635,0
636,0
637,0
638,1
639,1
640,0
641,0
642,0
643,0
644,0
645,1
646,1
647,1
648,1
649,0
650,1
651,0
652,1
653,0
654,1
655,1
656,0
657,0
658,1
659,1
660,0
661,0
662,0
663,1
664,0
665,0
666,0
667,0
668,1
669,0
670,1
671,0
672,0
673,0
674,0
675,0
676,1
677,0
678,1
679,0
680,0
681,0
682,1
683,0
684,1
685,1
686,1
687,0
688,0
689,1
690,1
691,0
692,0
693,0
694,0
695,0
696,1
697,0
698,0
699,0
700,0
701,1
702,0
703,0
704,0
705,0
706,1
707,1
708,0
709,0
710,0
711,1
712,1
713,0
714,0
715,0
716,0
717,0
718,1
719,0
720,1
721,0
722,0
723,0
724,1
725,1
726,0
727,1
728,0
729,0
730,0
731,1
732,0
733,1
734,0
735,0
736,1
737,0
738,0
739,0
740,1
741,0
742,0
743,1
744,1
745,0
746,0
747,1
748,0
749,0
750,0
751,1
752,1
753,1
754,1
755,0
756,0
757,0
758,0
759,1
760,1
761,0
762,0
763,0
764,0
765,1
766,1
767,0
768,0
769,0
770,0
771,0
772,0
773,0
774,1
775,1
776,1
777,1
778,0
779,0
780,0
781,1
782,0
783,1
784,0
785,1
786,1
787,0
788,0
789,0
790,0
791,1
792,1
793,1
794,1
795,1
796,1
797,1
798,1
799,0
800,1
801,1
802,0
803,1
804,1
805,1
806,1
807,1
808,0
809,0
810,0
811,0
812,1
813,0
814,0
815,0
816,0
817,1
818,0
819,0
820,1
821,0
822,1
823,0
824,0
825,0
826,0
827,1
828,1
829,0
830,1
831,1
832,0
833,0
834,1
835,1
836,0
837,1
838,0
839,0
840,1
841,0
842,0
843,0
844,0
845,0
846,0
847,0
848,1
849,0
850,1
851,1
852,0
853,0
854,0
855,0
856,0
857,0
858,1
859,0
860,1
861,0
862,1
863,0
864,1
865,0
866,0
867,0
868,1
869,0
870,0
871,1
872,0
873,1
874,1
875,1
876,0
877,1
878,0
879,0
880,1
881,0
882,0
883,0
884,1
885,0
886,0
887,1
888,1
889,1
890,1
891,0
892,1
893,1
894,1
895,0
896,0
897,0
898,0
899,0
900,1
901,0
902,0
903,1
904,1
905,0
906,0
907,0
908,1
909,0
910,1
911,1
912,0
913,0
914,0
915,1
916,1
917,1
918,0
919,0
920,0
921,0
922,1
923,1
924,0
925,1
926,1
927,0
928,0
929,0
930,0
931,0
932,0
933,1
934,1
935,1
936,0
937,1
938,1
939,0
940,0
941,0
942,1
943,1
944,1
945,1
946,1
947,0
948,0
949,0
950,0
951,1
952,0
953,0
954,1
955,0
956,0
957,0
958,1
959,0
960,1
961,1
962,0
963,0
964,0
965,1
966,1
967,0
968,0
969,0
970,0
971,0
972,0
973,1
974,1
975,0
976,1
977,0
978,0
979,1
980,0
981,0
982,1
983,0
984,0
985,0
986,1
987,0
988,0
989,0
990,1
991,0
992,0
993,1
994,0
995,0
996,1
997,1
998,1
999,0
1000,1
1001,1
1002,0
1003,0
1004,0
1005,1
1006,0
1007,0
1008,0
1009,1
1010,0
1011,0
1012,1
1013,0
1014,0
1015,0
1016,0
1017,1
1018,1
1019,0
1020,1
1021,1
1022,1
1023,1
1024,1
1025,0
1026,1
1027,0
1028,1
1029,0
1030,0
1031,0
1032,1
1033,1
1034,1
1035,0
1036,1
1037,1
1038,1
1039,1
1040,0
1041,0
1042,0
1043,0
1044,0
1045,1
1046,0
1047,0
1048,0
1049,0
1050,0
1051,1
1052,0
1053,1
1054,0
1055,0
1056,0
1057,1
1058,0
1059,1
1060,1
1061,1
1062,1
1063,1
1064,1
1065,0
1066,0
1067,1
1068,1
1069,1
1070,0
1071,0
1072,0
1073,0
1074,0
1075,0
1076,1
1077,1
1078,0
1079,0
1080,0
1081,0
1082,0
1083,1
1084,1
1085,0
1086,1
1087,1
1088,1
1089,0
1090,1
1091,0
1092,0
1093,1
1094,1
1095,1
1096,1
1097,0
1098,0
1099,0
1100,1
1101,0
1102,1
1103,0
1104,0
1105,1
1106,0
1107,1
1108,1
1109,1
1110,0
1111,1
1112,0
1113,0
1114,0
1115,0
1116,1
1117,0
1118,1
1119,0
1120,0
1121,0
1122,1
1123,0
1124,0
1125,0
1126,1
1127,0
1128,0
1129,0
1130,0
1131,0
1132,1
1133,1
1134,0
1135,0
1136,1
1137,1
1138,0
1139,1
1140,0
1141,0
1142,1
1143,0
1144,1
1145,0
1146,0
1147,1
1148,0
1149,0
1150,0
1151,1
1152,0
1153,1
1154,0
1155,1
1156,0
1157,0
1158,0
1159,0
1160,1
1161,1
1162,1
1163,0
1164,0
1165,1
1166,0
1167,0
1168,0
1169,0
1170,0
1171,0
1172,0
1173,0
1174,0
1175,0
1176,0
1177,0
1178,0
1179,1
1180,1
1181,0
1182,0
1183,1
1184,1
1185,1
1186,0
1187,0
1188,1
1189,1
1190,0
1191,0
1192,0
1193,1
1194,0
1195,1
1196,1
1197,0
1198,0
1199,0
1200,0
1201,1
1202,0
1203,0
1204,1
1205,0
1206,1
1207,1
1208,1
1209,0
1210,1
1211,0
1212,1
1213,1
1214,1
1215,0
1216,0
1217,1
1218,0
1219,0
1220,0
1221,1
1222,0
1223,0
1224,1
1225,1
1226,1
1227,1
1228,1
1229,1
1230,0
1231,1
1232,0
1233,1
1234,1
1235,0
1236,0
1237,0
1238,1
1239,1
1240,0
1241,0
1242,0
1243,0
1244,0
1245,0
1246,0
1247,1
1248,0
1249,1
1250,0
1251,0
1252,1
1253,0
1254,1
1255,0
1256,0
1257,1
1258,0
1259,0
1260,0
1261,1
1262,1
1263,0
1264,0
1265,1
1266,0
1267,0
1268,0
1269,0
1270,0
1271,1
1272,1
1273,1
1274,0
1275,0
1276,1
1277,0
1278,0
1279,1
1280,0
1281,0
1282,1
1283,0
1284,0
1285,0
1286,1
1287,1
1288,0
1289,1
1290,0
1291,0
1292,1
1293,1
1294,0
1295,0
1296,0
1297,0
1298,0
1299,0
1300,1
1301,0
1302,0
1303,1
1304,0
1305,1
1306,1
1307,0
1308,0
1309,1
1310,0
1311,0
1312,1
1313,0
1314,1
1315,0
1316,1
1317,0
1318,0
1319,1
1320,1
1321,0
1322,0
1323,1
1324,1
1325,1
1326,1
1327,0
1328,0
1329,1
1330,1
1331,0
1332,0
1333,0
1334,0
1335,1
1336,0
1337,0
1338,0
1339,1
1340,0
1341,0
1342,1
1343,1
1344,0
1345,1
1346,1
1347,0
1348,0
1349,0
1350,1
1351,0
1352,1
1353,0
1354,1
1355,0
1356,0
1357,0
1358,1
1359,0
1360,0
1361,1
1362,1
1363,0
1364,0
1365,1
1366,0
1367,0
1368,0
1369,0
1370,1
1371,1
1372,0
1373,1
1374,1
1375,1
1376,0
1377,1
1378,0
1379,0
1380,0
1381,0
1382,0
1383,1
1384,0
1385,0
1386,0
1387,0
1388,0
1389,0
1390,1
1391,1
1392,0
1393,0
1394,0
1395,0
1396,1
1397,1
1398,1
1399,0
1400,1
1401,0
1402,1
1403,0
1404,0
1405,1
1406,1
1407,0
1408,0
1409,0
1410,0
1411,0
1412,1
1413,1
1414,0
1415,0
1416,1
1417,0
1418,0
1419,1
1420,0
1421,1
1422,1
1423,1
1424,0
1425,0
1426,0
1427,0
1428,1
1429,1
1430,0
1431,1
1432,0
1433,0
1434,1
1435,1
1436,1
1437,1
1438,0
1439,0
1440,0
1441,1
1442,1
1443,1
1444,0
1445,0
1446,1
1447,0
1448,1
1449,0
1450,0
1451,0
1452,0
1453,1
1454,1
1455,1
1456,0
1457,1
1458,0
1459,0
1460,1
1461,1
1462,0
1463,1
1464,1
1465,1
1466,1
1467,1
1468,1
1469,1
1470,0
1471,1
1472,1
1473,1
1474,0
1475,0
1476,1
1477,0
1478,1
1479,0
1480,0
1481,0
1482,0
1483,0
1484,1
1485,0
1486,1
1487,1
1488,0
1489,0
1490,0
1491,0
1492,0
1493,0
1494,0
1495,1
1496,0
1497,0
1498,0
1499,1
1500,1
1501,0
1502,0
1503,0
1504,0
1505,1
1506,1
1507,0
1508,0
1509,1
1510,1
1511,0
1512,0
1513,1
1514,1
1515,1
1516,0
1517,1
1518,0
1519,1
1520,0
1521,0
1522,1
1523,0
1524,0
1525,1
1526,1
1527,0
1528,0
1529,1
1530,0
1531,0
1532,0
1533,1
1534,1
1535,0
1536,1
1537,0
1538,1
1539,1
1540,0
1541,0
1542,0
1543,0
1544,1
1545,0
1546,1
1547,0
1548,1
1549,0
1550,0
1551,1
1552,1
1553,0
1554,0
1555,0
1556,0
1557,0
1558,0
1559,0
1560,0
1561,0
1562,1
1563,0
1564,0
1565,1
1566,0
1567,0
1568,1
1569,0
1570,0
1571,0
1572,1
1573,0
1574,0
1575,0
1576,0
1577,0
1578,0
1579,1
1580,0
1581,0
1582,0
1583,1
1584,0
1585,0
1586,0
1587,0
1588,0
1589,1
1590,1
1591,0
1592,0
1593,1
1594,1
1595,0
1596,0
1597,0
1598,0
1599,1
1600,0
1601,0
1602,1
1603,0
1604,1
1605,0
1606,1
1607,1
1608,0
1609,0
1610,0
1611,1
1612,0
1613,0
1614,1
1615,0
1616,0
1617,0
1618,0
1619,0
1620,1
1621,1
1622,1
1623,0
1624,0
1625,0
1626,0
1627,1
1628,0
1629,0
1630,1
1631,0
1632,0
1633,0
1634,0
1635,0
1636,0
1637,0
1638,1
1639,1
1640,1
1641,0
1642,0
1643,0
1644,1
1645,0
1646,0
1647,1
1648,1
1649,1
1650,1
1651,0
1652,0
1653,1
1654,1
1655,0
1656,0
1657,1
1658,0
1659,1
1660,0
1661,1
1662,0
1663,1
1664,1
1665,0
1666,1
1667,0
1668,0
1669,1
1670,1
1671,0
1672,0
1673,1
1674,1
1675,0
1676,0
1677,0
1678,1
1679,1
1680,0
1681,0
1682,1
1683,1
1684,1
1685,0
1686,1
1687,1
1688,1
1689,0
1690,0
1691,1
1692,1
1693,0
1694,0
1695,0
1696,1
1697,0
1698,0
1699,1
1700,1
1701,1
1702,0
1703,1
1704,1
1705,0
1706,0
1707,0
1708,0
1709,1
1710,1
1711,0
1712,0
1713,1
1714,0
1715,0
1716,0
1717,0
1718,1
1719,0
1720,0
1721,0
1722,0
1723,0
1724,1
1725,1
1726,1
1727,0
1728,0
1729,0
1730,1
1731,1
1732,1
1733,0
1734,1
1735,1
1736,1
1737,1
1738,0
1739,0
1740,0
1741,0
1742,0
1743,1
1744,1
1745,0
1746,0
1747,0
1748,0
1749,0
1750,0
1751,1
1752,0
1753,1
1754,0
1755,0
1756,0
1757,0
1758,0
1759,1
1760,0
1761,1
1762,1
1763,0
1764,1
1765,1
1766,0
1767,0
1768,0
1769,1
1770,0
1771,1
1772,1
1773,1
1774,0
1775,1
1776,0
1777,0
1778,1
1779,0
1780,0
1781,0
1782,1
1783,0
1784,1
1785,0
1786,0
1787,0
1788,0
1789,0
1790,0
1791,0
1792,0
1793,0
1794,0
1795,0
1796,1
1797,0
1798,0
1799,0
1800,0
1801,0
1802,0
1803,0
1804,0
1805,1
1806,0
1807,1
1808,0
1809,0
1810,0
1811,0
1812,1
1813,1
1814,0
1815,1
1816,0
1817,1
1818,1
1819,0
1820,0
1821,0
1822,1
1823,1
1824,1
1825,0
1826,0
1827,0
1828,1
1829,1
1830,1
1831,0
1832,1
1833,1
1834,1
1835,0
1836,1
1837,1
1838,1
1839,1
1840,1
1841,0
1842,0
1843,1
1844,0
1845,0
1846,1
1847,0
1848,1
1849,0
1850,1
1851,1
1852,0
1853,1
1854,0
1855,1
1856,0
1857,0
1858,0
1859,1
1860,0
1861,0
1862,0
1863,1
1864,0
1865,0
1866,0
1867,1
1868,1
1869,1
1870,0
1871,0
1872,1
1873,0
1874,0
1875,0
1876,0
1877,1
1878,0
1879,1
1880,1
1881,1
1882,0
1883,0
1884,1
1885,1
1886,0
1887,1
1888,0
1889,0
1890,0
1891,1
1892,1
1893,0
1894,1
1895,0
1896,0
1897,0
1898,0
1899,0
1900,0
1901,1
1902,0
1903,0
1904,0
1905,1
1906,1
1907,0
1908,1
1909,0
1910,0
1911,1
1912,1
1913,1
1914,0
1915,0
1916,1
1917,1
1918,0
1919,1
1920,0
1921,1
1922,0
1923,0
1924,1
1925,1
1926,0
1927,1
1928,1
1929,0
1930,0
1931,1
1932,0
1933,0
1934,0
1935,0
1936,1
1937,0
1938,0
1939,0
1940,0
1941,1
1942,0
1943,0
1944,0
1945,0
1946,1
1947,1
1948,0
1949,0
1950,0
1951,0
1952,0
1953,0
1954,1
1955,1
1956,0
1957,0
1958,0
1959,1
1960,1
1961,0
1962,0
1963,1
1964,0
1965,0
1966,0
1967,1
1968,1
1969,1
1970,0
1971,0
1972,0
1973,0
1974,1
1975,0
1976,0
1977,0
1978,0
1979,1
1980,0
1981,0
1982,1
1983,0
1984,1
1985,1
1986,0
1987,0
1988,0
1989,1
1990,0
1991,0
1992,1
1993,0
1994,0
1995,0
1996,1
1997,1
1998,1
1999,0
2000,0
2001,1
2002,1
2003,0
2004,0
2005,1
2006,1
2007,1
2008,0
2009,1
2010,1
2011,1
2012,0
2013,1
2014,1
2015,1
2016,1
2017,0
2018,0
2019,0
2020,1
2021,0
2022,0
2023,1
2024,1
2025,0
2026,1
2027,0
2028,0
2029,0
2030,0
2031,0
2032,1
2033,1
2034,0
2035,0
2036,0
2037,0
2038,0
2039,0
2040,0
2041,0
2042,0
2043,0
2044,0
2045,1
2046,0
2047,1
2048,1
2049,0
2050,0
2051,1
2052,0
2053,0
2054,1
2055,1
2056,1
2057,0
2058,0
2059,0
2060,1
2061,0
2062,0
2063,0
2064,1
2065,0
2066,1
2067,1
2068,0
2069,0
2070,0
2071,0
2072,0
2073,0
2074,0
2075,0
2076,0
2077,0
2078,1
2079,1
2080,1
2081,0
2082,1
2083,1
2084,0
2085,0
2086,0
2087,1
2088,0
2089,1
2090,0
2091,0
2092,0
2093,0
2094,0
2095,0
2096,1
2097,0
2098,0
2099,0
2100,1
2101,1
2102,0
2103,1
2104,1
2105,0
2106,0
2107,0
2108,1
2109,0
2110,0
2111,1
2112,0
2113,1
2114,0
2115,0
2116,0
2117,1
2118,1
2119,0
2120,0
2121,1
2122,1
2123,0
2124,0
2125,0
2126,0
2127,1
2128,1
2129,1
2130,0
2131,1
2132,1
2133,0
2134,0
2135,1
2136,0
2137,1
2138,1
2139,1
2140,0
2141,0
2142,0
2143,1
2144,0
2145,1
2146,0
2147,1
2148,0
2149,1
2150,0
2151,0
2152,1
2153,0
2154,0
2155,1
2156,0
2157,1
2158,0
2159,0
2160,1
2161,0
2162,1
2163,1
2164,1
2165,0
2166,1
2167,1
2168,1
2169,0
2170,0
2171,0
2172,0
2173,0
2174,1
2175,1
2176,0
2177,1
2178,1
2179,0
2180,0
2181,1
2182,0
2183,0
2184,0
2185,0
2186,0
2187,0
2188,0
2189,1
2190,0
2191,1
2192,0
2193,0
2194,1
2195,0
2196,0
2197,1
2198,1
2199,0
2200,0
2201,1
2202,1
2203,0
2204,0
2205,0
2206,0
2207,1
2208,0
2209,0
2210,1
2211,0
2212,1
2213,0
2214,1
2215,1
2216,0
2217,0
2218,0
2219,1
2220,0
2221,0
2222,1
2223,0
2224,1
2225,1
2226,1
2227,0
2228,0
2229,0
2230,1
2231,0
2232,0
2233,0
2234,1
2235,0
2236,1
2237,1
2238,0
2239,0
2240,0
2241,1
2242,1
2243,0
2244,1
2245,0
2246,1
2247,1
2248,0
2249,0
2250,0
2251,0
2252,1
2253,1
2254,0
2255,0
2256,1
2257,1
2258,0
2259,1
2260,0
2261,0
2262,0
2263,0
2264,1
2265,0
2266,0
2267,0
2268,0
2269,1
2270,1
2271,1
2272,1
2273,0
2274,1
2275,0
2276,0
2277,0
2278,0
2279,0
2280,0
2281,1
2282,0
2283,1
2284,1
2285,1
2286,1
2287,1
2288,0
2289,1
2290,0
2291,0
2292,1
2293,0
2294,0
2295,1
2296,1
2297,1
2298,0
2299,0
2300,1
2301,0
2302,1
2303,0
2304,0
2305,1
2306,1
2307,1
2308,0
2309,0
2310,1
2311,0
2312,0
2313,1
2314,0
2315,1
2316,0
2317,0
2318,0
2319,1
2320,1
2321,0
2322,0
2323,1
2324,0
2325,1
2326,0
2327,0
2328,0
2329,1
2330,0
2331,0
2332,0
2333,1
2334,0
2335,1
2336,0
2337,0
2338,0
2339,0
2340,0
2341,0
2342,1
2343,0
2344,0
2345,1
2346,0
2347,1
2348,0
2349,1
2350,0
2351,0
2352,1
2353,0
2354,1
2355,0
2356,0
2357,0
2358,0
2359,0
2360,0
2361,1
2362,1
2363,1
2364,0
2365,1
2366,1
2367,0
2368,1
2369,0
2370,0
2371,0
2372,1
2373,1
2374,1
2375,0
2376,1
2377,1
2378,1
2379,0
2380,0
2381,0
2382,1
2383,0
2384,0
2385,1
2386,0
2387,0
2388,1
2389,1
2390,1
2391,0
2392,0
2393,0
2394,1
2395,1
2396,1
2397,1
2398,0
2399,0
2400,0
2401,0
2402,0
2403,0
2404,0
2405,0
2406,0
2407,0
2408,1
2409,0
2410,1
2411,0
2412,0
2413,0
2414,1
2415,1
2416,0
2417,0
2418,0
2419,0
2420,0
2421,0
2422,0
2423,1
2424,1
2425,1
2426,0
2427,0
2428,1
2429,0
2430,0
2431,0
2432,0
2433,0
2434,1
2435,0
2436,0
2437,1
2438,0
2439,0
2440,0
2441,0
2442,0
2443,0
2444,1
2445,1
2446,0
2447,0
2448,0
2449,1
2450,0
2451,1
2452,0
2453,1
2454,0
2455,1
2456,0
2457,1
2458,1
2459,0
2460,0
2461,1
2462,0
2463,0
2464,1
2465,1
2466,1
2467,0
2468,0
2469,1
2470,0
2471,0
2472,0
2473,1
2474,1
2475,1
2476,0
2477,0
2478,1
2479,0
2480,0
2481,1
2482,0
2483,1
2484,0
2485,0
2486,0
2487,0
2488,1
2489,1
2490,1
2491,1
2492,0
2493,0
2494,0
2495,1
2496,0
2497,0
2498,0
2499,0
2500,0
2501,0
2502,0
2503,1
2504,1
2505,0
2506,0
2507,0
2508,1
2509,0
2510,0
2511,0
2512,1
2513,1
2514,1
2515,0
2516,0
2517,1
2518,1
2519,0
2520,0
2521,0
2522,1
2523,1
2524,0
2525,0
2526,0
2527,0
2528,1
2529,0
2530,0
2531,0
2532,0
2533,0
2534,1
2535,0
2536,0
2537,1
2538,1
2539,1
2540,0
2541,1
2542,1
2543,1
2544,0
2545,0
2546,1
2547,0
2548,0
2549,1
2550,0
2551,0
2552,1
2553,0
2554,1
2555,0
2556,0
2557,1
2558,1
2559,1
2560,0
2561,1
2562,0
2563,1
2564,1
2565,0
2566,0
2567,0
2568,1
2569,0
2570,0
2571,0
2572,0
2573,0
2574,1
2575,0
2576,0
2577,0
2578,1
2579,1
2580,0
2581,0
2582,1
2583,0
2584,1
2585,1
2586,1
2587,1
2588,0
2589,0
2590,0
2591,0
2592,0
2593,0
2594,0
2595,1
2596,0
2597,0
2598,0
2599,1
2600,0
2601,0
2602,0
2603,0
2604,0
2605,1
2606,1
2607,1
2608,1
2609,0
2610,0
2611,1
2612,0
2613,0
2614,1
2615,0
2616,0
2617,1
2618,0
2619,0
2620,0
2621,1
2622,0
2623,0
2624,0
2625,1
2626,0
2627,0
2628,0
2629,0
2630,0
2631,0
2632,0
2633,0
2634,1
2635,0
2636,0
2637,1
2638,1
2639,1
2640,0
2641,0
2642,1
2643,1
2644,1
2645,0
2646,0
2647,1
2648,1
2649,0
2650,1
2651,0
2652,0
2653,0
2654,0
2655,0
2656,1
2657,0
2658,1
2659,1
2660,1
2661,0
2662,1
2663,0
2664,0
2665,0
2666,0
2667,1
2668,1
2669,0
2670,0
2671,0
2672,0
2673,0
2674,1
2675,0
2676,0
2677,1
2678,0
2679,0
2680,0
2681,1
2682,0
2683,0
2684,0
2685,1
2686,1
2687,1
2688,0
2689,0
2690,0
2691,1
2692,0
2693,0
2694,0
2695,1
2696,0
2697,0
2698,0
2699,0
2700,0
2701,0
2702,1
2703,1
2704,0
2705,1
2706,1
2707,0
2708,1
2709,0
2710,0
2711,0
2712,0
2713,0
2714,1
2715,1
2716,0
2717,0
2718,0
2719,0
2720,1
2721,1
2722,0
2723,1
2724,0
2725,0
2726,0
2727,1
2728,1
2729,1
2730,1
2731,1
2732,1
2733,0
2734,0
2735,0
2736,1
2737,0
2738,0
2739,1
2740,1
2741,0
2742,0
2743,0
2744,1
2745,1
2746,1
2747,0
2748,0
2749,0
2750,0
2751,1
2752,0
2753,0
2754,0
2755,1
2756,0
2757,0
2758,1
2759,1
2760,0
2761,0
2762,0
2763,0
2764,1
2765,1
2766,0
2767,1
2768,0
2769,1
2770,0
2771,1
2772,0
2773,0
2774,1
2775,0
2776,1
2777,0
2778,0
2779,0
2780,1
2781,0
2782,0
2783,0
2784,0
2785,0
2786,0
2787,0
2788,0
2789,1
2790,0
2791,1
2792,1
2793,1
2794,1
2795,1
2796,0
2797,0
2798,1
2799,0
2800,0
2801,1
2802,1
2803,0
2804,0
2805,0
2806,0
2807,0
2808,0
2809,1
2810,0
2811,1
2812,0
2813,1
2814,1
2815,1
2816,0
2817,0
2818,1
2819,0
2820,1
2821,1
2822,0
2823,1
2824,1
2825,0
2826,0
2827,1
2828,0
2829,0
2830,1
2831,0
2832,1
2833,1
2834,0
2835,0
2836,0
2837,0
2838,0
2839,0
2840,1
2841,0
2842,1
2843,0
2844,1
2845,1
2846,0
2847,1
2848,0
2849,0
2850,1
2851,0
2852,0
2853,0
2854,0
2855,0
2856,1
2857,1
2858,1
2859,1
2860,0
2861,0
2862,0
2863,1
2864,0
2865,0
2866,0
2867,1
2868,0
2869,0
2870,0
2871,1
2872,0
2873,1
2874,1
2875,1
2876,0
2877,0
2878,0
2879,0
2880,0
2881,0
2882,0
2883,0
2884,1
2885,0
2886,0
2887,1
2888,1
2889,1
2890,0
2891,1
2892,0
2893,0
2894,0
2895,0
2896,1
2897,0
2898,0
2899,1
2900,1
2901,1
2902,0
2903,1
2904,1
2905,1
2906,0
2907,0
2908,0
2909,1
2910,1
2911,0
2912,0
2913,1
2914,0
2915,1
2916,0
2917,1
2918,0
2919,1
2920,0
2921,1
2922,0
2923,0
2924,0
2925,1
2926,1
2927,0
2928,1
2929,1
2930,0
2931,0
2932,0
2933,0
2934,1
2935,0
2936,0
2937,0
2938,1
2939,0
2940,1
2941,0
2942,0
2943,1
2944,0
2945,1
2946,1
2947,1
2948,1
2949,1
2950,1
2951,1
2952,0
2953,1
2954,1
2955,0
2956,1
2957,0
2958,1
2959,0
2960,1
2961,0
2962,1
2963,1
2964,1
2965,1
2966,0
2967,1
2968,0
2969,1
2970,1
2971,1
2972,0
2973,1
2974,0
2975,1
2976,0
2977,0
2978,1
2979,1
2980,0
2981,1
2982,0
2983,0
2984,1
2985,0
2986,1
2987,0
2988,0
2989,1
2990,0
2991,0
2992,0
2993,1
2994,1
2995,1
2996,1
2997,0
2998,1
2999,0
3000,1
3001,0
3002,0
3003,0
3004,1
3005,0
3006,0
3007,1
3008,1
3009,0
3010,0
3011,1
3012,0
3013,1
3014,1
3015,0
3016,0
3017,0
3018,1
3019,1
3020,0
3021,1
3022,0
3023,1
3024,0
3025,0
3026,1
3027,0
3028,0
3029,1
3030,0
3031,1
3032,0
3033,0
3034,0
3035,1
3036,0
3037,0
3038,0
3039,0
3040,0
3041,0
3042,1
3043,1
3044,1
3045,0
3046,0
3047,0
3048,0
3049,1
3050,1
3051,0
3052,0
3053,0
3054,0
3055,1
3056,0
3057,0
3058,0
3059,1
3060,0
3061,0
3062,0
3063,1
3064,1
3065,0
3066,0
3067,0
3068,0
3069,0
3070,0
3071,1
3072,0
3073,1
3074,0
3075,1
3076,1
3077,1
3078,0
3079,0
3080,0
3081,0
3082,0
3083,1
3084,0
3085,0
3086,1
3087,0
3088,1
3089,1
3090,0
3091,1
3092,1
3093,1
3094,0
3095,0
3096,1
3097,0
3098,0
3099,0
3100,1
3101,0
3102,0
3103,0
3104,0
3105,0
3106,1
3107,0
3108,0
3109,0
3110,0
3111,0
3112,0
3113,0
3114,0
3115,1
3116,0
3117,1
3118,1
3119,0
3120,0
3121,1
3122,0
3123,0
3124,0
3125,1
3126,0
3127,1
3128,0
3129,0
3130,0
3131,1
3132,0
3133,0
3134,0
3135,0
3136,0
3137,0
3138,0
3139,1
3140,0
3141,0
3142,0
3143,0
3144,0
3145,0
3146,0
3147,0
3148,0
3149,0
3150,0
3151,0
3152,1
3153,1
3154,0
3155,0
3156,1
3157,0
3158,0
3159,1
3160,0
3161,1
3162,1
3163,0
3164,1
3165,0
3166,1
3167,0
3168,0
3169,1
3170,1
3171,0
3172,0
3173,0
3174,1
3175,0
3176,0
3177,1
3178,1
3179,0
3180,0
3181,0
3182,0
3183,1
3184,0
3185,0
3186,0
3187,1
3188,0
3189,0
3190,0
3191,0
3192,0
3193,0
3194,0
3195,1
3196,0
3197,1
3198,1
3199,0
3200,0
3201,1
3202,0
3203,0
3204,0
3205,0
3206,0
3207,0
3208,0
3209,0
3210,0
3211,1
3212,1
3213,0
3214,0
3215,0
3216,0
3217,0
3218,0
3219,0
3220,0
3221,1
3222,1
3223,0
3224,0
3225,0
3226,0
3227,0
3228,0
3229,0
3230,0
3231,1
3232,0
3233,0
3234,0
3235,0
3236,0
3237,1
3238,1
3239,1
3240,1
3241,1
3242,0
3243,1
3244,1
3245,1
3246,0
3247,1
3248,0
3249,0
3250,0
3251,1
3252,0
3253,1
3254,0
3255,0
3256,0
3257,1
3258,1
3259,1
3260,1
3261,1
3262,1
3263,1
3264,1
3265,1
3266,1
3267,0
3268,1
3269,1
3270,1
3271,0
3272,1
3273,0
3274,0
3275,0
3276,0
3277,1
3278,0
3279,0
3280,0
3281,1
3282,1
3283,0
3284,0
3285,0
3286,0
3287,0
3288,1
3289,0
3290,0
3291,0
3292,0
3293,0
3294,0
3295,0
3296,1
3297,1
3298,0
3299,0
3300,0
3301,1
3302,1
3303,0
3304,0
3305,0
3306,0
3307,0
3308,0
3309,0
3310,0
3311,0
3312,0
3313,0
3314,0
3315,0
3316,0
3317,0
3318,1
3319,1
3320,0
3321,1
3322,0
3323,0
3324,0
3325,0
3326,0
3327,1
3328,0
3329,0
3330,1
3331,0
3332,0
3333,0
3334,1
3335,1
3336,1
3337,0
3338,1
3339,0
3340,0
3341,1
3342,0
3343,0
3344,1
3345,1
3346,1
3347,1
3348,1
3349,0
3350,0
3351,0
3352,1
3353,1
3354,0
3355,0
3356,1
3357,0
3358,0
3359,0
3360,0
3361,0
3362,1
3363,0
3364,1
3365,0
3366,0
3367,0
3368,0
3369,0
3370,0
3371,1
3372,0
3373,0
3374,0
3375,1
3376,0
3377,0
3378,0
3379,1
3380,0
3381,0
3382,1
3383,0
3384,1
3385,0
3386,0
3387,1
3388,0
3389,1
3390,1
3391,1
3392,1
3393,0
3394,1
3395,0
3396,0
3397,0
3398,1
3399,0
3400,0
3401,0
3402,1
3403,0
3404,0
3405,1
3406,0
3407,0
3408,0
3409,0
3410,1
3411,0
3412,1
3413,0
3414,0
3415,1
3416,1
3417,1
3418,0
3419,0
3420,1
3421,1
3422,0
3423,0
3424,0
3425,0
3426,0
3427,0
3428,1
3429,1
3430,0
3431,1
3432,0
3433,1
3434,1
3435,0
3436,0
3437,0
3438,0
3439,1
3440,0
3441,0
3442,0
3443,0
3444,0
3445,1
3446,0
3447,0
3448,0
3449,1
3450,1
3451,0
3452,0
3453,0
3454,0
3455,0
3456,1
3457,0
3458,1
3459,0
3460,0
3461,0
3462,0
3463,1
3464,1
3465,0
3466,1
3467,0
3468,1
3469,1
3470,0
3471,0
3472,0
3473,1
3474,0
3475,0
3476,0
3477,0
3478,0
3479,0
3480,0
3481,1
3482,0
3483,0
3484,0
3485,1
3486,1
3487,1
3488,1
3489,0
3490,0
3491,0
3492,1
3493,0
3494,0
3495,1
3496,0
3497,0
3498,1
3499,0
3500,0
3501,1
3502,1
3503,0
3504,1
3505,1
3506,0
3507,0
3508,1
3509,1
3510,1
3511,0
3512,0
3513,0
3514,0
3515,1
3516,1
3517,1
3518,1
3519,1
3520,1
3521,0
3522,0
3523,0
3524,0
3525,1
3526,0
3527,1
3528,0
3529,1
3530,1
3531,0
3532,1
3533,1
3534,1
3535,1
3536,0
3537,0
3538,0
3539,0
3540,0
3541,1
3542,1
3543,0
3544,1
3545,0
3546,0
3547,0
3548,1
3549,0
3550,0
3551,0
3552,0
3553,0
3554,0
3555,0
3556,0
3557,0
3558,1
3559,0
3560,0
3561,1
3562,1
3563,1
3564,0
3565,0
3566,0
3567,1
3568,0
3569,0
3570,1
3571,0
3572,1
3573,0
3574,1
3575,0
3576,0
3577,0
3578,0
3579,0
3580,1
3581,0
3582,0
3583,1
3584,0
3585,0
3586,1
3587,0
3588,0
3589,0
3590,0
3591,0
3592,0
3593,0
3594,0
3595,1
3596,0
3597,1
3598,0
3599,1
3600,1
3601,1
3602,0
3603,0
3604,1
3605,0
3606,0
3607,0
3608,0
3609,0
3610,0
3611,0
3612,1
3613,0
3614,0
3615,1
3616,1
3617,1
3618,0
3619,0
3620,1
3621,1
3622,0
3623,0
3624,0
3625,0
3626,0
3627,0
3628,1
3629,0
3630,0
3631,1
3632,0
3633,0
3634,1
3635,1
3636,0
3637,1
3638,1
3639,1
3640,0
3641,0
3642,1
3643,0
3644,1
3645,1
3646,1
3647,0
3648,0
3649,0
3650,0
3651,0
3652,0
3653,1
3654,0
3655,0
3656,0
3657,0
3658,0
3659,0
3660,0
3661,0
3662,0
3663,0
3664,0
3665,0
3666,0
3667,1
3668,1
3669,0
3670,0
3671,0
3672,0
3673,0
3674,1
3675,1
3676,0
3677,1
3678,0
3679,1
3680,1
3681,1
3682,1
3683,1
3684,1
3685,0
3686,1
3687,1
3688,1
3689,0
3690,1
3691,1
3692,0
3693,0
3694,1
3695,0
3696,1
3697,0
3698,0
3699,1
3700,0
3701,0
3702,0
3703,0
3704,0
3705,1
3706,0
3707,0
3708,0
3709,1
3710,0
3711,1
3712,0
3713,1
3714,0
3715,0
3716,0
3717,1
3718,0
3719,0
3720,0
3721,0
3722,1
3723,1
3724,0
3725,0
3726,1
3727,1
3728,1
3729,0
3730,0
3731,0
3732,0
3733,1
3734,0
3735,0
3736,0
3737,0
3738,0
3739,0
3740,0
3741,0
3742,1
3743,1
3744,0
3745,1
3746,0
3747,0
3748,1
3749,1
3750,0
3751,1
3752,1
3753,1
3754,0
3755,1
3756,1
3757,1
3758,0
3759,0
3760,1
3761,1
3762,0
3763,0
3764,0
3765,0
3766,0
3767,1
3768,1
3769,0
3770,0
3771,0
3772,1
3773,1
3774,0
3775,0
3776,0
3777,0
3778,1
3779,0
3780,0
3781,1
3782,0
3783,0
3784,1
3785,1
3786,0
3787,1
3788,1
3789,0
3790,0
3791,1
3792,0
3793,1
3794,0
3795,0
3796,0
3797,1
3798,0
3799,1
3800,0
3801,1
3802,1
3803,0
3804,1
3805,0
3806,1
3807,1
3808,0
3809,0
3810,1
3811,0
3812,1
3813,1
3814,1
3815,1
3816,1
3817,0
3818,0
3819,0
3820,0
3821,1
3822,0
3823,0
3824,0
3825,1
3826,1
3827,0
3828,1
3829,1
3830,0
3831,0
3832,0
3833,0
3834,1
3835,0
3836,0
3837,1
3838,1
3839,0
3840,0
3841,0
3842,1
3843,0
3844,0
3845,0
3846,1
3847,1
3848,1
3849,0
3850,0
3851,0
3852,0
3853,0
3854,0
3855,1
3856,0
3857,1
3858,1
3859,1
3860,0
3861,1
3862,0
3863,0
3864,0
3865,0
3866,0
3867,0
3868,1
3869,1
3870,1
3871,1
3872,1
3873,0
3874,0
3875,0
3876,0
3877,1
3878,1
3879,1
3880,0
3881,0
3882,0
3883,0
3884,0
3885,0
3886,1
3887,0
3888,1
3889,1
3890,0
3891,1
3892,0
3893,0
3894,0
3895,0
3896,1
3897,0
3898,0
3899,1
3900,0
3901,0
3902,1
3903,1
3904,1
3905,0
3906,1
3907,0
3908,0
3909,0
3910,1
3911,0
3912,1
3913,1
3914,1
3915,0
3916,0
3917,0
3918,1
3919,0
3920,0
3921,0
3922,0
3923,1
3924,0
3925,0
3926,1
3927,0
3928,1
3929,1
3930,0
3931,0
3932,0
3933,0
3934,0
3935,1
3936,0
3937,1
3938,1
3939,0
3940,1
3941,0
3942,1
3943,1
3944,0
3945,0
3946,0
3947,1
3948,0
3949,0
3950,0
3951,1
3952,1
3953,0
3954,0
3955,0
3956,0
3957,0
3958,0
3959,0
3960,1
3961,1
3962,1
3963,0
3964,0
3965,0
3966,0
3967,0
3968,0
3969,1
3970,0
3971,0
3972,0
3973,1
3974,0
3975,1
3976,0
3977,1
3978,0
3979,1
3980,0
3981,0
3982,0
3983,1
3984,0
3985,0
3986,0
3987,0
3988,1
3989,1
3990,0
3991,0
3992,1
3993,0
3994,1
3995,0
3996,0
3997,0
3998,1
3999,1
4000,1
4001,1
4002,0
4003,1
4004,0
4005,1
4006,1
4007,0
4008,1
4009,1
4010,0
4011,0
4012,0
4013,1
4014,0
4015,1
4016,1
4017,0
4018,0
4019,1
4020,0
4021,1
4022,1
4023,1
4024,0
4025,1
4026,1
4027,0
4028,0
4029,0
4030,1
4031,1
4032,1
4033,0
4034,0
4035,0
4036,0
4037,1
4038,0
4039,0
4040,1
4041,0
4042,0
4043,1
4044,0
4045,0
4046,0
4047,0
4048,0
4049,1
4050,0
4051,0
4052,0
4053,1
4054,1
4055,0
4056,0
4057,0
4058,0
4059,0
4060,1
4061,0
4062,0
4063,1
4064,0
4065,0
4066,1
4067,1
4068,1
4069,0
4070,0
4071,0
4072,0
4073,0
4074,0
4075,1
4076,1
4077,1
4078,0
4079,0
4080,0
4081,0
4082,1
4083,0
4084,0
4085,0
4086,1
4087,1
4088,1
4089,0
4090,0
4091,0
4092,0
4093,0
4094,0
4095,0
4096,1
4097,1
4098,0
4099,1
4100,1
4101,1
4102,0
4103,0
4104,1
4105,1
4106,1
4107,1
4108,0
4109,1
4110,1
4111,0
4112,1
4113,0
4114,1
4115,0
4116,0
4117,1
4118,0
4119,1
4120,0
4121,0
4122,1
4123,0
4124,0
4125,0
4126,0
4127,1
4128,0
4129,1
4130,0
4131,0
4132,0
4133,0
4134,0
4135,0
4136,0
4137,0
4138,0
4139,0
4140,1
4141,0
4142,0
4143,0
4144,1
4145,0
4146,0
4147,0
4148,0
4149,0
4150,0
4151,0
4152,0
4153,0
4154,0
4155,0
4156,0
4157,0
4158,1
4159,0
4160,1
4161,1
4162,0
4163,0
4164,0
4165,0
4166,1
4167,0
4168,0
4169,1
4170,1
4171,1
4172,0
4173,0
4174,1
4175,0
4176,1
4177,0
4178,0
4179,0
4180,0
4181,0
4182,0
4183,0
4184,0
4185,1
4186,0
4187,0
4188,0
4189,0
4190,0
4191,0
4192,0
4193,0
4194,1
4195,1
4196,0
4197,0
4198,1
4199,0
4200,1
4201,0
4202,1
4203,0
4204,0
4205,1
4206,1
4207,1
4208,0
4209,0
4210,0
4211,0
4212,0
4213,1
4214,0
4215,0
4216,1
4217,0
4218,0
4219,0
4220,0
4221,1
4222,0
4223,1
4224,1
4225,0
4226,0
4227,1
4228,1
4229,1
4230,0
4231,1
4232,1
4233,1
4234,0
4235,0
4236,0
4237,1
4238,1
4239,1
4240,0
4241,1
4242,1
4243,0
4244,0
4245,1
4246,0
4247,1
4248,1
4249,1
4250,0
4251,1
4252,1
4253,0
4254,1
4255,0
4256,0
4257,1
4258,0
4259,0
4260,1
4261,1
4262,0
4263,0
4264,0
4265,1
4266,0
4267,1
4268,0
4269,0
4270,0
4271,1
4272,0
4273,0
4274,1
4275,0
4276,1
4277,0
4278,0
4279,0
4280,0
4281,0
4282,0
4283,0
4284,1
4285,0
4286,0
4287,1
4288,0
4289,0
4290,1
4291,0
4292,1
4293,1
4294,0
4295,1
4296,0
4297,1
4298,0
4299,0
4300,0
4301,1
4302,0
4303,0
4304,1
4305,0
4306,0
4307,0
4308,1
4309,0
4310,1
4311,1
4312,0
4313,0
4314,0
4315,1
4316,0
4317,0
4318,1
4319,1
4320,0
4321,0
4322,1
4323,0
4324,0
4325,0
4326,1
4327,1
4328,0
4329,1
4330,0
4331,0
4332,0
4333,1
4334,1
4335,1
4336,1
4337,1
4338,0
4339,1
4340,0
4341,1
4342,0
4343,1
4344,0
4345,1
4346,1
4347,0
4348,1
4349,1
4350,0
4351,1
4352,1
4353,1
4354,0
4355,0
4356,0
4357,1
4358,1
4359,0
4360,0
4361,0
4362,0
4363,0
4364,1
4365,0
4366,0
4367,0
4368,0
4369,0
4370,0
4371,0
4372,1
4373,0
4374,0
4375,0
4376,0
4377,1
4378,0
4379,0
4380,0
4381,1
4382,0
4383,1
4384,0
4385,0
4386,0
4387,0
4388,0
4389,1
4390,0
4391,1
4392,0
4393,0
4394,0
4395,0
4396,1
4397,0
4398,0
4399,0
4400,0
4401,0
4402,1
4403,1
4404,0
4405,1
4406,1
4407,0
4408,0
4409,1
4410,0
4411,0
4412,0
4413,0
4414,0
4415,0
4416,1
4417,0
4418,0
4419,0
4420,0
4421,1
4422,1
4423,1
4424,0
4425,0
4426,0
4427,1
4428,1
4429,0
4430,1
4431,0
4432,1
4433,1
4434,0
4435,1
4436,0
4437,1
4438,0
4439,0
4440,0
4441,1
4442,0
4443,0
4444,0
4445,1
4446,1
4447,0
4448,0
4449,1
4450,1
4451,0
4452,1
4453,0
4454,1
4455,0
4456,1
4457,0
4458,1
4459,0
4460,1
4461,1
4462,0
4463,1
4464,1
4465,1
4466,1
4467,0
4468,0
4469,0
4470,0
4471,1
4472,0
4473,0
4474,1
4475,1
4476,1
4477,1
4478,1
4479,1
4480,1
4481,0
4482,1
4483,0
4484,0
4485,1
4486,0
4487,1
4488,1
4489,0
4490,1
4491,1
4492,1
4493,1
4494,0
4495,0
4496,1
4497,0
4498,1
4499,1
4500,1
4501,1
4502,0
4503,0
4504,0
4505,0
4506,0
4507,0
4508,0
4509,0
4510,0
4511,0
4512,0
4513,1
4514,0
4515,1
4516,0
4517,0
4518,1
4519,1
4520,0
4521,0
4522,1
4523,0
4524,0
4525,0
4526,0
4527,1
4528,0
4529,1
4530,0
4531,0
4532,0
4533,1
4534,0
4535,0
4536,0
4537,1
4538,1
4539,0
4540,0
4541,0
4542,1
4543,0
4544,0
4545,1
4546,1
4547,1
4548,0
4549,1
4550,0
4551,0
4552,1
4553,1
4554,0
4555,1
4556,1
4557,0
4558,1
4559,0
4560,0
4561,1
4562,0
4563,0
4564,0
4565,0
4566,0
4567,0
4568,1
4569,0
4570,1
4571,0
4572,0
4573,0
4574,0
4575,1
4576,1
4577,0
4578,0
4579,0
4580,1
4581,0
4582,0
4583,0
4584,1
4585,0
4586,0
4587,0
4588,1
4589,1
4590,0
4591,0
4592,0
4593,1
4594,1
4595,0
4596,0
4597,0
4598,1
4599,1
4600,0
4601,0
4602,1
4603,1
4604,1
4605,0
4606,0
4607,1
4608,1
4609,0
4610,1
4611,1
4612,1
4613,0
4614,1
4615,0
4616,0
4617,1
4618,0
4619,0
4620,0
4621,1
4622,1
4623,0
4624,0
4625,0
4626,1
4627,0
4628,0
4629,0
4630,0
4631,0
4632,0
4633,0
4634,1
4635,1
4636,1
4637,0
4638,0
4639,1
4640,0
4641,1
4642,0
4643,1
4644,0
4645,0
4646,1
4647,1
4648,0
4649,0
4650,0
4651,1
4652,1
4653,1
4654,0
4655,0
4656,0
4657,0
4658,1
4659,0
4660,1
4661,1
4662,1
4663,1
4664,1
4665,0
4666,1
4667,0
4668,1
4669,1
4670,1
4671,0
4672,0
4673,0
4674,0
4675,0
4676,0
4677,1
4678,1
4679,0
4680,1
4681,1
4682,1
4683,1
4684,0
4685,0
4686,1
4687,1
4688,0
4689,1
4690,1
4691,0
4692,0
4693,0
4694,0
4695,0
4696,1
4697,1
4698,0
4699,0
4700,0
4701,0
4702,1
4703,1
4704,1
4705,0
4706,0
4707,0
4708,0
4709,1
4710,1
4711,1
4712,1
4713,0
4714,0
4715,1
4716,0
4717,0
4718,1
4719,0
4720,0
4721,0
4722,1
4723,1
4724,0
4725,1
4726,1
4727,0
4728,0
4729,0
4730,0
4731,0
4732,0
4733,0
4734,1
4735,0
4736,1
4737,1
4738,0
4739,0
4740,0
4741,0
4742,0
4743,0
4744,0
4745,0
4746,0
4747,0
4748,0
4749,1
4750,0
4751,1
4752,0
4753,0
4754,0
4755,1
4756,0
4757,0
4758,0
4759,0
4760,1
4761,0
4762,1
4763,0
4764,1
4765,1
4766,0
4767,0
4768,1
4769,1
4770,0
4771,0
4772,1
4773,0
4774,0
4775,1
4776,0
4777,1
4778,0
4779,1
4780,1
4781,0
4782,0
4783,0
4784,0
4785,0
4786,0
4787,0
4788,0
4789,0
4790,0
4791,0
4792,0
4793,1
4794,0
4795,0
4796,0
4797,1
4798,1
4799,1
4800,0
4801,0
4802,0
4803,0
4804,0
4805,0
4806,0
4807,1
4808,1
4809,0
4810,1
4811,1
4812,1
4813,0
4814,0
4815,1
4816,0
4817,1
4818,0
4819,0
4820,0
4821,1
4822,1
4823,1
4824,0
4825,0
4826,0
4827,1
4828,1
4829,0
4830,0
4831,0
4832,0
4833,0
4834,1
4835,1
4836,1
4837,1
4838,0
4839,1
4840,0
4841,0
4842,0
4843,0
4844,1
4845,1
4846,1
4847,0
4848,0
4849,1
4850,0
4851,0
4852,1
4853,1
4854,0
4855,0
4856,1
4857,1
4858,1
4859,1
4860,0
4861,0
4862,0
4863,0
4864,0
4865,0
4866,1
4867,0
4868,0
4869,0
4870,0
4871,0
4872,1
4873,1
4874,0
4875,0
4876,0
4877,0
4878,0
4879,0
4880,0
4881,1
4882,1
4883,0
4884,1
4885,1
4886,0
4887,0
4888,1
4889,0
4890,0
4891,1
4892,0
4893,0
4894,0
4895,1
4896,1
4897,0
4898,0
4899,0
4900,0
4901,0
4902,0
4903,0
4904,0
4905,0
4906,0
4907,1
4908,1
4909,1
4910,1
4911,0
4912,0
4913,0
4914,0
4915,0
4916,0
4917,0
4918,1
4919,0
4920,0
4921,1
4922,1
4923,0
4924,0
4925,1
4926,1
4927,1
4928,0
4929,0
4930,1
4931,1
4932,1
4933,0
4934,0
4935,0
4936,0
4937,1
4938,0
4939,1
4940,0
4941,0
4942,0
4943,1
4944,0
4945,1
4946,0
4947,0
4948,0
4949,1
4950,0
4951,0
4952,0
4953,1
4954,0
4955,0
4956,0
4957,0
4958,0
4959,1
4960,0
4961,0
4962,0
4963,0
4964,1
4965,1
4966,1
4967,1
4968,0
4969,1
4970,0
4971,0
4972,1
4973,0
4974,1
4975,0
4976,0
4977,0
4978,0
4979,0
4980,0
4981,1
4982,1
4983,0
4984,0
4985,0
4986,1
4987,1
4988,0
4989,0
4990,1
4991,1
4992,0
4993,0
4994,1
4995,1
4996,0
4997,0
4998,1
4999,0
5000,1
5001,1
5002,1
5003,1
5004,0
5005,0
5006,1
5007,1
5008,0
5009,1
5010,0
5011,0
5012,0
5013,0
5014,0
5015,0
5016,0
5017,0
5018,0
5019,1
5020,0
5021,0
5022,0
5023,0
5024,0
5025,1
5026,0
5027,1
5028,0
5029,0
5030,0
5031,1
5032,0
5033,1
5034,0
5035,1
5036,1
5037,0
5038,0
5039,0
5040,0
5041,0
5042,0
5043,0
5044,1
5045,0
5046,1
5047,0
5048,0
5049,1
5050,0
5051,0
5052,0
5053,0
5054,0
5055,1
5056,1
5057,0
5058,0
5059,0
5060,0
5061,0
5062,0
5063,1
5064,1
5065,1
5066,0
5067,1
5068,0
5069,1
5070,0
5071,0
5072,0
5073,1
5074,0
5075,1
5076,1
5077,0
5078,0
5079,0
5080,0
5081,0
5082,1
5083,1
5084,0
5085,1
5086,0
5087,0
5088,1
5089,0
5090,1
5091,1
5092,0
5093,1
5094,0
5095,1
5096,1
5097,0
5098,0
5099,1
5100,0
5101,1
5102,0
5103,0
5104,1
5105,1
5106,0
5107,1
5108,0
5109,0
5110,0
5111,0
5112,1
5113,0
5114,0
5115,1
5116,0
5117,0
5118,0
5119,1
5120,0
5121,0
5122,0
5123,1
5124,0
5125,1
5126,0
5127,1
5128,1
5129,0
5130,1
5131,0
5132,0
5133,0
5134,0
5135,1
5136,1
5137,0
5138,0
5139,0
5140,0
5141,0
5142,0
5143,0
5144,0
5145,0
5146,0
5147,0
5148,1
5149,1
5150,1
5151,1
5152,0
5153,0
5154,0
5155,1
5156,0
5157,0
5158,0
5159,1
5160,1
5161,0
5162,1
5163,1
5164,0
5165,0
5166,0
5167,1
5168,1
5169,1
5170,0
5171,1
5172,0
5173,0
5174,0
5175,0
5176,1
5177,0
5178,1
5179,0
5180,1
5181,1
5182,0
5183,0
5184,1
5185,0
5186,1
5187,0
5188,1
5189,1
5190,0
5191,0
5192,0
5193,0
5194,0
5195,1
5196,1
5197,1
5198,0
5199,0
5200,0
5201,0
5202,1
5203,1
5204,1
5205,0
5206,0
5207,1
5208,0
5209,1
5210,0
5211,1
5212,0
5213,1
5214,1
5215,0
5216,0
5217,0
5218,1
5219,0
5220,0
5221,1
5222,0
5223,0
5224,1
5225,1
5226,0
5227,0
5228,0
5229,1
5230,0
5231,0
5232,0
5233,0
5234,0
5235,0
5236,0
5237,0
5238,0
5239,0
5240,1
5241,1
5242,0
5243,0
5244,0
5245,1
5246,0
5247,1
5248,0
5249,1
5250,0
5251,0
5252,1
5253,1
5254,0
5255,0
5256,1
5257,0
5258,0
5259,1
5260,1
5261,1
5262,0
5263,1
5264,0
5265,1
5266,1
5267,0
5268,1
5269,1
5270,0
5271,0
5272,0
5273,0
5274,1
5275,0
5276,1
5277,0
5278,0
5279,1
5280,0
5281,1
5282,1
5283,1
5284,1
5285,1
5286,1
5287,1
5288,1
5289,0
5290,1
5291,1
5292,1
5293,0
5294,0
5295,0
5296,0
5297,0
5298,0
5299,0
5300,1
5301,1
5302,0
5303,0
5304,1
5305,1
5306,0
5307,0
5308,0
5309,0
5310,0
5311,1
5312,1
5313,1
5314,1
5315,1
5316,0
5317,0
5318,0
5319,1
5320,1
5321,1
5322,1
5323,0
5324,0
5325,0
5326,0
5327,0
5328,1
5329,1
5330,0
5331,1
5332,0
5333,1
5334,0
5335,0
5336,1
5337,0
5338,0
5339,1
5340,0
5341,0
5342,0
5343,1
5344,0
5345,0
5346,0
5347,1
5348,0
5349,1
5350,0
5351,1
5352,0
5353,0
5354,0
5355,0
5356,1
5357,0
5358,0
5359,0
5360,0
5361,1
5362,0
5363,1
5364,0
5365,1
5366,0
5367,1
5368,0
5369,1
5370,1
5371,1
5372,0
5373,0
5374,1
5375,0
5376,0
5377,1
5378,0
5379,0
5380,0
5381,0
5382,0
5383,0
5384,0
5385,1
5386,0
5387,0
5388,0
5389,0
5390,1
5391,1
5392,0
5393,0
5394,0
5395,1
5396,1
5397,1
5398,1
5399,1
5400,1
5401,1
5402,0
5403,0
5404,0
5405,0
5406,0
5407,0
5408,1
5409,0
5410,0
5411,0
5412,1
5413,1
5414,1
5415,1
5416,0
5417,1
5418,1
5419,1
5420,0
5421,1
5422,0
5423,1
5424,0
5425,0
5426,1
5427,0
5428,0
5429,0
5430,0
5431,1
5432,0
5433,1
5434,0
5435,1
5436,1
5437,0
5438,0
5439,1
5440,0
5441,0
5442,1
5443,1
5444,1
5445,0
5446,1
5447,1
5448,1
5449,1
5450,0
5451,0
5452,0
5453,0
5454,0
5455,1
5456,0
5457,1
5458,0
5459,0
5460,0
5461,1
5462,0
5463,0
5464,0
5465,1
5466,0
5467,0
5468,0
5469,0
5470,1
5471,0
5472,0
5473,0
5474,1
5475,0
5476,1
5477,1
5478,1
5479,0
5480,0
5481,0
5482,1
5483,0
5484,0
5485,0
5486,1
5487,0
5488,0
5489,0
5490,0
5491,0
5492,0
5493,1
5494,0
5495,0
5496,0
5497,0
5498,0
5499,0
5500,0
5501,0
5502,0
5503,0
5504,0
5505,1
5506,0
5507,0
5508,0
5509,1
5510,0
5511,0
5512,1
5513,0
5514,0
5515,0
5516,0
5517,0
5518,0
5519,0
5520,0
5521,1
5522,1
5523,1
5524,1
5525,0
5526,0
5527,0
5528,1
5529,1
5530,1
5531,0
5532,0
5533,1
5534,0
5535,0
5536,0
5537,1
5538,0
5539,0
5540,0
5541,0
5542,0
5543,0
5544,0
5545,0
5546,1
5547,0
5548,0
5549,0
5550,0
5551,1
5552,1
5553,0
5554,0
5555,0
5556,0
5557,0
5558,1
5559,0
5560,0
5561,0
5562,0
5563,0
5564,1
5565,1
5566,0
5567,1
5568,0
5569,1
5570,0
5571,1
5572,0
5573,0
5574,1
5575,1
5576,0
5577,0
5578,1
5579,1
5580,1
5581,1
5582,0
5583,0
5584,1
5585,1
5586,0
5587,0
5588,0
5589,0
5590,1
5591,1
5592,0
5593,0
5594,0
5595,0
5596,0
5597,0
5598,1
5599,1
5600,0
5601,0
5602,1
5603,0
5604,1
5605,0
5606,0
5607,1
5608,0
5609,1
5610,0
5611,0
5612,0
5613,0
5614,0
5615,0
5616,1
5617,1
5618,0
5619,0
5620,1
5621,0
5622,0
5623,1
5624,0
5625,0
5626,0
5627,0
5628,0
5629,0
5630,0
5631,1
5632,1
5633,0
5634,1
5635,0
5636,0
5637,1
5638,1
5639,0
5640,0
5641,1
5642,1
5643,1
5644,1
5645,0
5646,0
5647,0
5648,0
5649,0
5650,1
5651,1
5652,0
5653,0
5654,1
5655,1
5656,1
5657,0
5658,1
5659,0
5660,1
5661,1
5662,0
5663,0
5664,0
5665,0
5666,1
5667,0
5668,0
5669,1
5670,0
5671,1
5672,0
5673,1
5674,0
5675,0
5676,1
5677,0
5678,1
5679,1
5680,1
5681,0
5682,0
5683,1
5684,1
5685,0
5686,0
5687,1
5688,1
5689,0
5690,1
5691,0
5692,0
5693,0
5694,0
5695,0
5696,1
5697,1
5698,0
5699,0
5700,0
5701,0
5702,0
5703,1
5704,1
5705,0
5706,0
5707,0
5708,1
5709,0
5710,0
5711,0
5712,1
5713,0
5714,1
5715,0
5716,0
5717,0
5718,1
5719,0
5720,0
5721,0
5722,1
5723,1
5724,0
5725,1
5726,0
5727,0
5728,1
5729,0
5730,0
5731,0
5732,1
5733,0
5734,1
5735,1
5736,1
5737,0
5738,1
5739,0
5740,0
5741,1
5742,0
5743,0
5744,0
5745,1
5746,1
5747,0
5748,1
5749,0
5750,0
5751,1
5752,1
5753,0
5754,0
5755,1
5756,0
5757,1
5758,0
5759,1
5760,1
5761,0
5762,0
5763,1
5764,0
5765,0
5766,0
5767,0
5768,0
5769,0
5770,0
5771,0
5772,1
5773,0
5774,0
5775,0
5776,1
5777,0
5778,1
5779,1
5780,1
5781,0
5782,1
5783,0
5784,0
5785,0
5786,1
5787,1
5788,1
5789,0
5790,0
5791,1
5792,0
5793,1
5794,0
5795,0
5796,1
5797,0
5798,0
5799,0
5800,0
5801,0
5802,0
5803,0
5804,1
5805,0
5806,0
5807,1
5808,1
5809,0
5810,0
5811,1
5812,0
5813,0
5814,1
5815,1
5816,1
5817,0
5818,0
5819,0
5820,0
5821,0
5822,0
5823,0
5824,0
5825,0
5826,0
5827,1
5828,0
5829,1
5830,1
5831,1
5832,0
5833,1
5834,0
5835,0
5836,0
5837,0
5838,0
5839,0
5840,0
5841,0
5842,0
5843,1
5844,1
5845,1
5846,0
5847,0
5848,1
5849,0
5850,1
5851,1
5852,1
5853,0
5854,0
5855,1
5856,0
5857,1
5858,0
5859,0
5860,0
5861,0
5862,0
5863,0
5864,0
5865,0
5866,0
5867,1
5868,1
5869,0
5870,0
5871,1
5872,1
5873,0
5874,0
5875,0
5876,0
5877,1
5878,1
5879,0
5880,1
5881,0
5882,0
5883,0
5884,0
5885,1
5886,0
5887,0
5888,1
5889,0
5890,0
5891,0
5892,1
5893,0
5894,0
5895,1
5896,1
5897,1
5898,0
5899,1
5900,0
5901,1
5902,0
5903,1
5904,1
5905,0
5906,1
5907,0
5908,0
5909,0
5910,0
5911,1
5912,0
5913,1
5914,0
5915,0
5916,0
5917,1
5918,1
5919,0
5920,0
5921,0
5922,0
5923,0
5924,1
5925,0
5926,0
5927,1
5928,1
5929,0
5930,1
5931,0
5932,1
5933,0
5934,0
5935,0
5936,1
5937,0
5938,0
5939,1
5940,1
5941,0
5942,0
5943,1
5944,0
5945,0
5946,1
5947,1
5948,1
5949,0
5950,1
5951,1
5952,1
5953,1
5954,1
5955,0
5956,1
5957,0
5958,0
5959,0
5960,1
5961,0
5962,0
5963,1
5964,0
5965,0
5966,1
5967,1
5968,1
5969,1
5970,0
5971,0
5972,0
5973,1
5974,1
5975,0
5976,0
5977,1
5978,1
5979,0
5980,1
5981,0
5982,0
5983,0
5984,0
5985,0
5986,1
5987,0
5988,0
5989,0
5990,1
5991,0
5992,0
5993,0
5994,1
5995,0
5996,1
5997,1
5998,1
5999,0
6000,1
6001,0
6002,0
6003,0
6004,0
6005,1
6006,1
6007,0
6008,1
6009,0
6010,1
6011,0
6012,0
6013,0
6014,0
6015,0
6016,1
6017,1
6018,0
6019,0
6020,0
6021,0
6022,0
6023,0
6024,0
6025,0
6026,0
6027,0
6028,0
6029,0
6030,0
6031,0
6032,0
6033,1
6034,0
6035,0
6036,1
6037,1
6038,0
6039,0
6040,1
6041,1
6042,0
6043,1
6044,0
6045,0
6046,0
6047,1
6048,1
6049,1
6050,0
6051,0
6052,0
6053,0
6054,1
6055,0
6056,1
6057,1
6058,0
6059,1
6060,0
6061,0
6062,0
6063,1
6064,0
6065,1
6066,1
6067,1
6068,1
6069,0
6070,1
6071,1
6072,1
6073,0
6074,1
6075,0
6076,1
6077,0
6078,1
6079,0
6080,0
6081,0
6082,0
6083,1
6084,0
6085,1
6086,1
6087,1
6088,0
6089,0
6090,1
6091,1
6092,0
6093,1
6094,1
6095,0
6096,0
6097,0
6098,1
6099,0
6100,1
6101,0
6102,1
6103,1
6104,0
6105,0
6106,1
6107,1
6108,0
6109,0
6110,1
6111,0
6112,0
6113,0
6114,0
6115,0
6116,1
6117,0
6118,1
6119,1
6120,0
6121,0
6122,1
6123,0
6124,0
6125,0
6126,1
6127,1
6128,0
6129,1
6130,0
6131,0
6132,1
6133,0
6134,0
6135,0
6136,1
6137,0
6138,1
6139,0
6140,1
6141,1
6142,0
6143,0
6144,0
6145,0
6146,0
6147,1
6148,1
6149,1
6150,1
6151,1
6152,0
6153,0
6154,0
6155,0
6156,1
6157,0
6158,0
6159,1
6160,0
6161,1
6162,1
6163,1
6164,1
6165,1
6166,1
6167,0
6168,0
6169,0
6170,0
6171,0
6172,0
6173,0
6174,0
6175,1
6176,0
6177,0
6178,0
6179,0
6180,0
6181,0
6182,0
6183,1
6184,1
6185,0
6186,0
6187,0
6188,0
6189,0
6190,0
6191,0
6192,1
6193,0
6194,1
6195,1
6196,1
6197,0
6198,1
6199,1
6200,1
6201,1
6202,1
6203,1
6204,1
6205,0
6206,1
6207,1
6208,0
6209,0
6210,0
6211,1
6212,0
6213,0
6214,0
6215,1
6216,1
6217,1
6218,1
6219,0
6220,0
6221,0
6222,1
6223,0
6224,0
6225,0
6226,0
6227,0
6228,1
6229,1
6230,0
6231,1
6232,0
6233,0
6234,0
6235,1
6236,0
6237,1
6238,1
6239,1
6240,1
6241,1
6242,0
6243,1
6244,0
6245,0
6246,0
6247,0
6248,0
6249,0
6250,1
6251,1
6252,1
6253,0
6254,0
6255,1
6256,0
6257,0
6258,1
6259,0
6260,0
6261,1
6262,0
6263,1
6264,1
6265,0
6266,0
6267,0
6268,0
6269,1
6270,0
6271,0
6272,0
6273,0
6274,0
6275,0
6276,0
6277,1
6278,0
6279,0
6280,1
6281,0
6282,1
6283,0
6284,1
6285,0
6286,1
6287,0
6288,0
6289,0
6290,0
6291,1
6292,1
6293,0
6294,0
6295,0
6296,0
6297,0
6298,1
6299,0
6300,0
6301,1
6302,0
6303,0
6304,0
6305,1
6306,0
6307,1
6308,1
6309,0
6310,1
6311,0
6312,0
6313,0
6314,1
6315,0
6316,0
6317,1
6318,0
6319,1
6320,1
6321,0
6322,0
6323,0
6324,0
6325,1
6326,0
6327,0
6328,1
6329,0
6330,0
6331,0
6332,0
6333,0
6334,0
6335,0
6336,1
6337,0
6338,1
6339,0
6340,0
6341,1
6342,1
6343,0
6344,0
6345,0
6346,0
6347,1
6348,1
6349,0
6350,0
6351,1
6352,0
6353,0
6354,1
6355,0
6356,0
6357,1
6358,1
6359,1
6360,0
6361,0
6362,0
6363,1
6364,0
6365,1
6366,1
6367,0
6368,0
6369,0
6370,1
6371,0
6372,0
6373,0
6374,1
6375,0
6376,1
6377,0
6378,1
6379,0
6380,0
6381,1
6382,0
6383,1
6384,0
6385,0
6386,1
6387,0
6388,0
6389,0
6390,0
6391,1
6392,0
6393,0
6394,1
6395,0
6396,1
6397,1
6398,1
6399,0
6400,1
6401,0
6402,0
6403,1
6404,0
6405,0
6406,1
6407,1
6408,0
6409,0
6410,0
6411,0
6412,0
6413,1
6414,1
6415,1
6416,0
6417,0
6418,0
6419,1
6420,0
6421,0
6422,0
6423,1
6424,1
6425,0
6426,1
6427,1
6428,0
6429,1
6430,1
6431,1
6432,0
6433,0
6434,0
6435,0
6436,0
6437,0
6438,0
6439,1
6440,0
6441,0
6442,0
6443,1
6444,1
6445,0
6446,0
6447,0
6448,1
6449,0
6450,0
6451,0
6452,0
6453,0
6454,0
6455,0
6456,0
6457,0
6458,0
6459,1
6460,1
6461,0
6462,1
6463,1
6464,0
6465,0
6466,0
6467,0
6468,0
6469,0
6470,1
6471,0
6472,1
6473,1
6474,0
6475,1
6476,0
6477,0
6478,0
6479,1
6480,0
6481,0
6482,0
6483,0
6484,0
6485,1
6486,1
6487,1
6488,1
6489,0
6490,0
6491,0
6492,1
6493,1
6494,1
6495,0
6496,1
6497,0
6498,0
6499,1
6500,1
6501,0
6502,1
6503,1
6504,0
6505,0
6506,1
6507,0
6508,1
6509,0
6510,0
6511,1
6512,0
6513,1
6514,0
6515,0
6516,1
6517,1
6518,0
6519,1
6520,0
6521,0
6522,0
6523,0
6524,1
6525,1
6526,0
6527,0
6528,0
6529,1
6530,0
6531,1
6532,0
6533,1
6534,0
6535,0
6536,0
6537,1
6538,1
6539,1
6540,0
6541,0
6542,0
6543,0
6544,0
6545,0
6546,0
6547,0
6548,1
6549,1
6550,0
6551,0
6552,0
6553,0
6554,1
6555,0
6556,1
6557,1
6558,1
6559,0
6560,1
6561,1
6562,1
6563,1
6564,0
6565,1
6566,0
6567,0
6568,1
6569,1
6570,0
6571,1
6572,0
6573,0
6574,0
6575,0
6576,0
6577,0
6578,0
6579,1
6580,1
6581,0
6582,0
6583,0
6584,1
6585,0
6586,1
6587,1
6588,1
6589,1
6590,1
6591,0
6592,0
6593,0
6594,1
6595,0
6596,0
6597,1
6598,0
6599,0
6600,1
6601,0
6602,0
6603,0
6604,0
6605,0
6606,1
6607,0
6608,0
6609,1
6610,1
6611,1
6612,0
6613,1
6614,1
6615,0
6616,0
6617,0
6618,0
6619,1
6620,0
6621,0
6622,0
6623,1
6624,1
6625,0
6626,1
6627,1
6628,0
6629,1
6630,0
6631,0
6632,1
6633,0
6634,1
6635,0
6636,1
6637,0
6638,1
6639,1
6640,0
6641,0
6642,0
6643,0
6644,0
6645,0
6646,0
6647,1
6648,1
6649,1
6650,1
6651,0
6652,1
6653,1
6654,1
6655,0
6656,0
6657,0
6658,1
6659,0
6660,0
6661,0
6662,0
6663,0
6664,0
6665,0
6666,1
6667,1
6668,0
6669,0
6670,1
6671,1
6672,0
6673,1
6674,1
6675,1
6676,0
6677,0
6678,1
6679,1
6680,0
6681,1
6682,0
6683,0
6684,1
6685,0
6686,0
6687,1
6688,0
6689,0
6690,0
6691,0
6692,0
6693,0
6694,1
6695,0
6696,0
6697,1
6698,1
6699,1
6700,0
6701,0
6702,0
6703,1
6704,1
6705,0
6706,0
6707,1
6708,0
6709,0
6710,0
6711,0
6712,0
6713,0
6714,0
6715,0
6716,0
6717,0
6718,0
6719,0
6720,1
6721,1
6722,0
6723,1
6724,0
6725,0
6726,1
6727,0
6728,0
6729,0
6730,0
6731,0
6732,1
6733,1
6734,1
6735,0
6736,0
6737,0
6738,0
6739,0
6740,0
6741,0
6742,1
6743,1
6744,0
6745,1
6746,1
6747,0
6748,0
6749,1
6750,1
6751,1
6752,1
6753,0
6754,1
6755,1
6756,1
6757,1
6758,1
6759,1
6760,1
6761,0
6762,0
6763,0
6764,1
6765,0
6766,1
6767,0
6768,0
6769,1
6770,0
6771,0
6772,0
6773,0
6774,0
6775,0
6776,0
6777,1
6778,1
6779,1
6780,0
6781,0
6782,1
6783,0
6784,0
6785,1
6786,1
6787,0
6788,0
6789,0
6790,1
6791,1
6792,0
6793,1
6794,1
6795,0
6796,1
6797,0
6798,0
6799,0
6800,1
6801,0
6802,0
6803,0
6804,0
6805,0
6806,0
6807,1
6808,1
6809,1
6810,1
6811,0
6812,0
6813,1
6814,0
6815,0
6816,0
6817,1
6818,0
6819,0
6820,0
6821,1
6822,0
6823,1
6824,1
6825,0
6826,0
6827,1
6828,0
6829,0
6830,1
6831,1
6832,0
6833,0
6834,1
6835,1
6836,0
6837,0
6838,0
6839,0
6840,1
6841,0
6842,0
6843,0
6844,1
6845,0
6846,1
6847,1
6848,1
6849,0
6850,0
6851,1
6852,1
6853,0
6854,0
6855,1
6856,0
6857,0
6858,0
6859,0
6860,0
6861,1
6862,0
6863,0
6864,1
6865,0
6866,0
6867,1
6868,1
6869,1
6870,0
6871,0
6872,0
6873,1
6874,0
6875,0
6876,0
6877,0
6878,1
6879,0
6880,0
6881,0
6882,1
6883,0
6884,0
6885,0
6886,0
6887,0
6888,1
6889,0
6890,0
6891,0
6892,0
6893,0
6894,0
6895,0
6896,1
6897,0
6898,0
6899,0
6900,0
6901,0
6902,0
6903,1
6904,0
6905,0
6906,0
6907,0
6908,0
6909,1
6910,1
6911,0
6912,0
6913,1
6914,0
6915,0
6916,1
6917,0
6918,1
6919,1
6920,0
6921,0
6922,0
6923,1
6924,1
6925,1
6926,1
6927,1
6928,1
6929,0
6930,1
6931,1
6932,0
6933,0
6934,0
6935,0
6936,1
6937,1
6938,0
6939,0
6940,0
6941,1
6942,1
6943,0
6944,1
6945,1
6946,1
6947,1
6948,1
6949,1
6950,0
6951,1
6952,0
6953,0
6954,1
6955,1
6956,1
6957,1
6958,0
6959,0
6960,0
6961,1
6962,1
6963,1
6964,1
6965,0
6966,1
6967,1
6968,0
6969,0
6970,0
6971,0
6972,0
6973,1
6974,1
6975,1
6976,0
6977,0
6978,1
6979,0
6980,0
6981,1
6982,1
6983,1
6984,1
6985,0
6986,1
6987,0
6988,1
6989,1
6990,1
6991,1
6992,0
6993,0
6994,0
6995,0
6996,0
6997,1
6998,0
6999,0
7000,0
7001,0
7002,1
7003,0
7004,1
7005,0
7006,0
7007,0
7008,1
7009,0
7010,0
7011,0
7012,0
7013,0
7014,1
7015,1
7016,0
7017,0
7018,1
7019,0
7020,1
7021,0
7022,1
7023,0
7024,0
7025,0
7026,0
7027,1
7028,0
7029,1
7030,0
7031,1
7032,1
7033,0
7034,1
7035,0
7036,1
7037,1
7038,0
7039,1
7040,1
7041,0
7042,1
7043,0
7044,1
7045,0
7046,0
7047,0
7048,0
7049,1
7050,1
7051,0
7052,0
7053,0
7054,0
7055,0
7056,1
7057,1
7058,0
7059,1
7060,0
7061,0
7062,1
7063,0
7064,1
7065,0
7066,0
7067,0
7068,0
7069,1
7070,0
7071,0
7072,1
7073,1
7074,1
7075,1
7076,0
7077,0
7078,1
7079,0
7080,1
7081,1
7082,0
7083,1
7084,1
7085,0
7086,1
7087,0
7088,1
7089,0
7090,1
7091,0
7092,1
7093,1
7094,0
7095,1
7096,0
7097,0
7098,0
7099,1
7100,1
7101,1
7102,1
7103,1
7104,1
7105,0
7106,0
7107,0
7108,1
7109,0
7110,0
7111,0
7112,0
7113,0
7114,1
7115,0
7116,0
7117,1
7118,0
7119,0
7120,1
7121,1
7122,1
7123,1
7124,0
7125,0
7126,1
7127,0
7128,0
7129,1
7130,1
7131,1
7132,1
7133,0
7134,1
7135,1
7136,1
7137,0
7138,0
7139,1
7140,1
7141,1
7142,0
7143,0
7144,0
7145,1
7146,1
7147,1
7148,0
7149,0
7150,0
7151,0
7152,0
7153,0
7154,1
7155,0
7156,1
7157,0
7158,0
7159,1
7160,0
7161,1
7162,0
7163,0
7164,0
7165,1
7166,0
7167,1
7168,1
7169,0
7170,1
7171,0
7172,0
7173,0
7174,0
7175,0
7176,1
7177,0
7178,0
7179,1
7180,0
7181,0
7182,0
7183,0
7184,0
7185,0
7186,0
7187,1
7188,0
7189,1
7190,0
7191,0
7192,1
7193,0
7194,0
7195,0
7196,0
7197,1
7198,1
7199,0
7200,1
7201,0
7202,0
7203,0
7204,0
7205,0
7206,0
7207,0
7208,0
7209,1
7210,1
7211,1
7212,1
7213,1
7214,0
7215,0
7216,0
7217,0
7218,0
7219,1
7220,0
7221,0
7222,0
7223,1
7224,0
7225,0
7226,0
7227,0
7228,1
7229,0
7230,1
7231,1
7232,0
7233,1
7234,0
7235,0
7236,1
7237,0
7238,0
7239,1
7240,1
7241,1
7242,0
7243,0
7244,0
7245,1
7246,0
7247,0
7248,1
7249,1
7250,1
7251,0
7252,1
7253,1
7254,1
7255,0
7256,0
7257,1
7258,1
7259,0
7260,0
7261,0
7262,1
7263,0
7264,0
7265,0
7266,0
7267,0
7268,1
7269,0
7270,1
7271,1
7272,0
7273,1
7274,0
7275,0
7276,0
7277,0
7278,0
7279,1
7280,1
7281,1
7282,1
7283,1
7284,1
7285,0
7286,0
7287,0
7288,0
7289,1
7290,0
7291,0
7292,0
7293,0
7294,0
7295,1
7296,0
7297,1
7298,1
7299,1
7300,1
7301,0
7302,0
7303,1
7304,1
7305,1
7306,1
7307,0
7308,1
7309,0
7310,0
7311,0
7312,1
7313,0
7314,0
7315,1
7316,0
7317,0
7318,0
7319,0
7320,1
7321,0
7322,0
7323,1
7324,1
7325,1
7326,0
7327,0
7328,1
7329,0
7330,0
7331,0
7332,0
7333,0
7334,1
7335,0
7336,1
7337,1
7338,0
7339,0
7340,1
7341,1
7342,0
7343,0
7344,0
7345,0
7346,0
7347,1
7348,0
7349,1
7350,0
7351,1
7352,1
7353,0
7354,0
7355,0
7356,0
7357,0
7358,0
7359,1
7360,1
7361,0
7362,1
7363,1
7364,0
7365,0
7366,0
7367,0
7368,1
7369,0
7370,1
7371,0
7372,0
7373,1
7374,0
7375,0
7376,0
7377,1
7378,1
7379,0
7380,1
7381,0
7382,0
7383,0
7384,0
7385,0
7386,0
7387,0
7388,0
7389,0
7390,0
7391,0
7392,0
7393,1
7394,0
7395,1
7396,0
7397,0
7398,0
7399,0
7400,0
7401,0
7402,0
7403,1
7404,1
7405,0
7406,1
7407,1
7408,0
7409,1
7410,1
7411,0
7412,0
7413,0
7414,1
7415,0
7416,1
7417,0
7418,1
7419,0
7420,1
7421,0
7422,1
7423,1
7424,0
7425,0
7426,0
7427,0
7428,0
7429,0
7430,0
7431,1
7432,0
7433,0
7434,0
7435,0
7436,1
7437,1
7438,0
7439,0
7440,0
7441,1
7442,0
7443,0
7444,0
7445,0
7446,0
7447,0
7448,1
7449,0
7450,0
7451,0
7452,0
7453,1
7454,0
7455,1
7456,1
7457,0
7458,0
7459,0
7460,0
7461,1
7462,1
7463,1
7464,0
7465,0
7466,0
7467,0
7468,1
7469,0
7470,1
7471,0
7472,0
7473,1
7474,1
7475,1
7476,0
7477,1
7478,1
7479,1
7480,0
7481,0
7482,0
7483,0
7484,1
7485,1
7486,0
7487,0
7488,0
7489,1
7490,0
7491,1
7492,0
7493,1
7494,1
7495,1
7496,1
7497,0
7498,1
7499,0
7500,0
7501,0
7502,0
7503,0
7504,0
7505,1
7506,0
7507,1
7508,1
7509,1
7510,0
7511,1
7512,0
7513,0
7514,1
7515,1
7516,0
7517,0
7518,0
7519,1
7520,0
7521,0
7522,1
7523,1
7524,1
7525,0
7526,0
7527,0
7528,1
7529,1
7530,1
7531,1
7532,1
7533,0
7534,0
7535,1
7536,0
7537,0
7538,1
7539,1
7540,1
7541,1
7542,1
7543,1
7544,1
7545,1
7546,1
7547,0
7548,0
7549,0
7550,1
7551,1
7552,1
7553,1
7554,0
7555,0
7556,0
7557,0
7558,0
7559,1
7560,1
7561,0
7562,0
7563,1
7564,1
7565,1
7566,0
7567,1
7568,1
7569,1
7570,0
7571,1
7572,0
7573,1
7574,0
7575,0
7576,0
7577,0
7578,0
7579,0
7580,1
7581,0
7582,1
7583,0
7584,1
7585,0
7586,0
7587,1
7588,1
7589,0
7590,1
7591,0
7592,0
7593,1
7594,0
7595,1
7596,1
7597,0
7598,0
7599,0
7600,1
7601,1
7602,1
7603,0
7604,0
7605,0
7606,1
7607,1
7608,0
7609,1
7610,0
7611,0
7612,0
7613,0
7614,0
7615,1
7616,0
7617,1
7618,0
7619,0
7620,1
7621,1
7622,0
7623,1
7624,0
7625,0
7626,1
7627,0
7628,0
7629,0
7630,0
7631,1
7632,0
7633,0
7634,0
7635,0
7636,1
7637,0
7638,1
7639,0
7640,1
7641,0
7642,0
7643,1
7644,0
7645,0
7646,0
7647,1
7648,0
7649,0
7650,0
7651,0
7652,1
7653,1
7654,1
7655,1
7656,0
7657,1
7658,1
7659,1
7660,1
7661,1
7662,1
7663,0
7664,1
7665,0
7666,1
7667,0
7668,0
7669,1
7670,0
7671,0
7672,0
7673,1
7674,0
7675,0
7676,0
7677,1
7678,1
7679,0
7680,0
7681,0
7682,0
7683,0
7684,0
7685,1
7686,1
7687,1
7688,1
7689,0
7690,1
7691,0
7692,1
7693,0
7694,0
7695,1
7696,0
7697,0
7698,1
7699,0
7700,1
7701,0
7702,1
7703,0
7704,0
7705,1
7706,0
7707,0
7708,0
7709,1
7710,1
7711,1
7712,0
7713,1
7714,1
7715,0
7716,1
7717,1
7718,1
7719,1
7720,0
7721,1
7722,0
7723,0
7724,1
7725,1
7726,0
7727,1
7728,0
7729,1
7730,0
7731,1
7732,1
7733,0
7734,1
7735,0
7736,0
7737,1
7738,0
7739,0
7740,0
7741,0
7742,0
7743,1
7744,0
7745,1
7746,1
7747,0
7748,0
7749,1
7750,1
7751,1
7752,0
7753,0
7754,0
7755,1
7756,1
7757,1
7758,0
7759,0
7760,0
7761,1
7762,1
7763,1
7764,0
7765,0
7766,1
7767,1
7768,0
7769,1
7770,0
7771,0
7772,0
7773,0
7774,0
7775,0
7776,1
7777,1
7778,0
7779,0
7780,1
7781,0
7782,1
7783,0
7784,1
7785,0
7786,1
7787,0
7788,0
7789,1
7790,0
7791,1
7792,1
7793,0
7794,0
7795,1
7796,0
7797,0
7798,0
7799,1
7800,0
7801,1
7802,0
7803,1
7804,1
7805,1
7806,1
7807,0
7808,0
7809,1
7810,0
7811,0
7812,1
7813,0
7814,0
7815,0
7816,1
7817,1
7818,0
7819,0
7820,1
7821,1
7822,0
7823,1
7824,0
7825,0
7826,0
7827,1
7828,1
7829,1
7830,1
7831,1
7832,1
7833,1
7834,0
7835,1
7836,0
7837,0
7838,0
7839,1
7840,1
7841,1
7842,0
7843,1
7844,1
7845,1
7846,1
7847,1
7848,0
7849,1
7850,1
7851,0
7852,0
7853,0
7854,0
7855,0
7856,0
7857,0
7858,0
7859,0
7860,1
7861,1
7862,1
7863,1
7864,1
7865,0
7866,0
7867,1
7868,1
7869,0
7870,0
7871,1
7872,0
7873,0
7874,1
7875,0
7876,0
7877,0
7878,0
7879,1
7880,1
7881,1
7882,0
7883,0
7884,1
7885,0
7886,0
7887,1
7888,0
7889,1
7890,1
7891,0
7892,0
7893,1
7894,0
7895,0
7896,1
7897,1
7898,0
7899,1
7900,0
7901,1
7902,0
7903,0
7904,1
7905,1
7906,1
7907,0
7908,1
7909,0
7910,0
7911,1
7912,1
7913,1
7914,1
7915,1
7916,0
7917,0
7918,1
7919,0
7920,0
7921,0
7922,1
7923,0
7924,0
7925,0
7926,1
7927,0
7928,0
7929,0
7930,0
7931,0
7932,1
7933,0
7934,0
7935,1
7936,1
7937,1
7938,0
7939,1
7940,0
7941,1
7942,1
7943,1
7944,0
7945,0
7946,0
7947,1
7948,1
7949,0
7950,0
7951,0
7952,0
7953,0
7954,0
7955,1
7956,1
7957,0
7958,0
7959,0
7960,0
7961,1
7962,1
7963,1
7964,1
7965,0
7966,0
7967,0
7968,1
7969,1
7970,0
7971,0
7972,1
7973,0
7974,0
7975,0
7976,0
7977,0
7978,0
7979,0
7980,0
7981,0
7982,0
7983,0
7984,1
7985,0
7986,0
7987,0
7988,1
7989,0
7990,0
7991,0
7992,1
7993,0
7994,0
7995,0
7996,0
7997,1
7998,0
7999,1
8000,0
8001,0
8002,1
8003,0
8004,0
8005,0
8006,1
8007,1
8008,0
8009,1
8010,0
8011,0
8012,1
8013,1
8014,1
8015,0
8016,0
8017,1
8018,1
8019,0
8020,0
8021,0
8022,0
8023,0
8024,0
8025,0
8026,0
8027,0
8028,1
8029,0
8030,0
8031,1
8032,0
8033,0
8034,1
8035,0
8036,0
8037,0
8038,1
8039,0
8040,1
8041,0
8042,0
8043,0
8044,0
8045,0
8046,0
8047,0
8048,0
8049,0
8050,0
8051,0
8052,1
8053,1
8054,0
8055,0
8056,1
8057,0
8058,1
8059,0
8060,1
8061,0
8062,0
8063,0
8064,1
8065,0
8066,0
8067,0
8068,0
8069,0
8070,0
8071,0
8072,1
8073,1
8074,1
8075,1
8076,0
8077,0
8078,0
8079,0
8080,0
8081,0
8082,1
8083,1
8084,0
8085,1
8086,0
8087,0
8088,0
8089,0
8090,1
8091,0
8092,1
8093,1
8094,1
8095,1
8096,0
8097,1
8098,1
8099,1
8100,1
8101,0
8102,1
8103,0
8104,0
8105,1
8106,1
8107,0
8108,1
8109,0
8110,1
8111,1
8112,1
8113,0
8114,0
8115,1
8116,1
8117,0
8118,0
8119,0
8120,0
8121,0
8122,0
8123,0
8124,0
8125,0
8126,0
8127,1
8128,0
8129,0
8130,0
8131,0
8132,0
8133,1
8134,0
8135,1
8136,1
8137,0
8138,1
8139,0
8140,1
8141,1
8142,1
8143,1
8144,0
8145,0
8146,1
8147,1
8148,0
8149,0
8150,0
8151,0
8152,0
8153,0
8154,0
8155,1
8156,0
8157,1
8158,0
8159,0
8160,1
8161,1
8162,0
8163,1
8164,0
8165,0
8166,1
8167,0
8168,0
8169,0
8170,1
8171,0
8172,0
8173,0
8174,0
8175,0
8176,1
8177,1
8178,0
8179,1
8180,1
8181,1
8182,0
8183,0
8184,0
8185,1
8186,0
8187,1
8188,1
8189,0
8190,1
8191,0
8192,1
8193,0
8194,1
8195,1
8196,1
8197,0
8198,0
8199,1
8200,0
8201,1
8202,1
8203,0
8204,0
8205,0
8206,0
8207,1
8208,0
8209,0
8210,0
8211,1
8212,0
8213,0
8214,0
8215,0
8216,0
8217,1
8218,0
8219,0
8220,1
8221,0
8222,0
8223,1
8224,1
8225,0
8226,0
8227,0
8228,0
8229,1
8230,0
8231,0
8232,1
8233,1
8234,1
8235,0
8236,0
8237,1
8238,1
8239,1
8240,0
8241,1
8242,0
8243,1
8244,0
8245,0
8246,0
8247,1
8248,0
8249,1
8250,0
8251,0
8252,0
8253,1
8254,1
8255,0
8256,0
8257,1
8258,0
8259,0
8260,0
8261,0
8262,1
8263,0
8264,0
8265,1
8266,1
8267,0
8268,1
8269,1
8270,1
8271,1
8272,1
8273,0
8274,1
8275,1
8276,1
8277,0
8278,0
8279,0
8280,1
8281,0
8282,0
8283,0
8284,0
8285,1
8286,1
8287,0
8288,1
8289,0
8290,1
8291,0
8292,1
8293,1
8294,0
8295,1
8296,1
8297,1
8298,1
8299,0
8300,1
8301,1
8302,0
8303,0
8304,1
8305,1
8306,0
8307,0
8308,0
8309,0
8310,0
8311,0
8312,1
8313,1
8314,1
8315,0
8316,0
8317,0
8318,1
8319,0
8320,0
8321,0
8322,0
8323,0
8324,0
8325,0
8326,1
8327,0
8328,0
8329,0
8330,1
8331,0
8332,1
8333,1
8334,0
8335,0
8336,1
8337,1
8338,1
8339,0
8340,0
8341,1
8342,0
8343,0
8344,0
8345,0
8346,1
8347,0
8348,1
8349,0
8350,0
8351,1
8352,1
8353,1
8354,1
8355,0
8356,0
8357,0
8358,0
8359,1
8360,1
8361,0
8362,1
8363,0
8364,1
8365,0
8366,0
8367,0
8368,0
8369,0
8370,0
8371,0
8372,0
8373,0
8374,0
8375,0
8376,1
8377,0
8378,0
8379,0
8380,1
8381,0
8382,1
8383,0
8384,0
8385,1
8386,0
8387,0
8388,0
8389,1
8390,1
8391,1
8392,1
8393,0
8394,0
8395,1
8396,0
8397,1
8398,1
8399,1
8400,0
8401,0
8402,0
8403,0
8404,0
8405,0
8406,1
8407,0
8408,1
8409,0
8410,0
8411,0
8412,0
8413,1
8414,1
8415,0
8416,1
8417,1
8418,0
8419,0
8420,1
8421,1
8422,0
8423,0
8424,0
8425,1
8426,0
8427,0
8428,1
8429,0
8430,0
8431,1
8432,1
8433,0
8434,0
8435,0
8436,0
8437,0
8438,1
8439,0
8440,1
8441,0
8442,0
8443,0
8444,1
8445,1
8446,1
8447,0
8448,1
8449,0
8450,0
8451,0
8452,0
8453,0
8454,1
8455,1
8456,1
8457,0
8458,0
8459,1
8460,0
8461,1
8462,1
8463,1
8464,0
8465,0
8466,0
8467,1
8468,0
8469,1
8470,0
8471,1
8472,0
8473,1
8474,1
8475,1
8476,1
8477,0
8478,0
8479,0
8480,0
8481,0
8482,1
8483,0
8484,0
8485,1
8486,0
8487,1
8488,0
8489,0
8490,0
8491,1
8492,0
8493,0
8494,1
8495,1
8496,0
8497,0
8498,1
8499,0
8500,0
8501,1
8502,0
8503,0
8504,0
8505,0
8506,0
8507,1
8508,1
8509,1
8510,1
8511,1
8512,0
8513,1
8514,1
8515,0
8516,0
8517,0
8518,1
8519,0
8520,1
8521,0
8522,1
8523,1
8524,1
8525,0
8526,1
8527,1
8528,0
8529,0
8530,1
8531,0
8532,1
8533,1
8534,0
8535,1
8536,0
8537,0
8538,0
8539,0
8540,1
8541,0
8542,0
8543,0
8544,1
8545,0
8546,0
8547,0
8548,0
8549,1
8550,0
8551,1
8552,0
8553,1
8554,1
8555,0
8556,0
8557,0
8558,1
8559,1
8560,0
8561,0
8562,1
8563,1
8564,0
8565,0
8566,1
8567,1
8568,1
8569,1
8570,0
8571,0
8572,1
8573,1
8574,0
8575,0
8576,0
8577,1
8578,0
8579,0
8580,1
8581,1
8582,1
8583,0
8584,0
8585,0
8586,1
8587,1
8588,1
8589,0
8590,0
8591,0
8592,0
8593,1
8594,0
8595,1
8596,0
8597,1
8598,1
8599,0
8600,1
8601,0
8602,1
8603,0
8604,1
8605,1
8606,1
8607,0
8608,1
8609,0
8610,1
8611,0
8612,1
8613,0
8614,1
8615,0
8616,1
8617,0
8618,0
8619,1
8620,0
8621,1
8622,1
8623,0
8624,0
8625,0
8626,1
8627,0
8628,0
8629,1
8630,0
8631,0
8632,0
8633,1
8634,1
8635,0
8636,1
8637,0
8638,0
8639,0
8640,0
8641,0
8642,0
8643,0
8644,1
8645,1
8646,1
8647,0
8648,0
8649,1
8650,1
8651,1
8652,1
8653,1
8654,0
8655,0
8656,0
8657,0
8658,1
8659,0
8660,0
8661,0
8662,0
8663,0
8664,1
8665,0
8666,1
8667,0
8668,1
8669,0
8670,0
8671,0
8672,0
8673,0
8674,1
8675,1
8676,1
8677,0
8678,0
8679,0
8680,1
8681,0
8682,1
8683,0
8684,1
8685,1
8686,0
8687,1
8688,1
8689,0
8690,0
8691,1
8692,0
8693,0
8694,0
8695,0
8696,1
8697,0
8698,0
8699,0
8700,0
8701,1
8702,0
8703,1
8704,1
8705,1
8706,0
8707,0
8708,0
8709,1
8710,0
8711,0
8712,1
8713,1
8714,0
8715,0
8716,1
8717,0
8718,1
8719,0
8720,0
8721,0
8722,0
8723,0
8724,0
8725,0
8726,0
8727,0
8728,1
8729,0
8730,0
8731,0
8732,1
8733,1
8734,0
8735,0
8736,1
8737,0
8738,0
8739,0
8740,0
8741,1
8742,0
8743,0
8744,1
8745,1
8746,1
8747,0
8748,0
8749,1
8750,0
8751,0
8752,1
8753,0
8754,1
8755,0
8756,0
8757,0
8758,1
8759,1
8760,1
8761,0
8762,0
8763,1
8764,1
8765,1
8766,1
8767,0
8768,0
8769,1
8770,1
8771,1
8772,0
8773,0
8774,1
8775,1
8776,1
8777,1
8778,0
8779,0
8780,0
8781,1
8782,0
8783,0
8784,0
8785,0
8786,1
8787,0
8788,0
8789,0
8790,1
8791,0
8792,1
8793,1
8794,0
8795,0
8796,1
8797,0
8798,1
8799,1
8800,1
8801,0
8802,0
8803,1
8804,0
8805,1
8806,1
8807,1
8808,0
8809,0
8810,1
8811,1
8812,0
8813,1
8814,0
8815,1
8816,1
8817,1
8818,0
8819,0
8820,1
8821,0
8822,0
8823,0
8824,0
8825,0
8826,0
8827,1
8828,1
8829,0
8830,0
8831,0
8832,0
8833,1
8834,0
8835,0
8836,0
8837,0
8838,1
8839,0
8840,0
8841,1
8842,1
8843,0
8844,1
8845,1
8846,0
8847,0
8848,0
8849,1
8850,1
8851,1
8852,0
8853,1
8854,1
8855,0
8856,0
8857,0
8858,1
8859,1
8860,1
8861,0
8862,0
8863,0
8864,0
8865,0
8866,1
8867,0
8868,1
8869,0
8870,1
8871,1
8872,1
8873,0
8874,1
8875,1
8876,0
8877,0
8878,1
8879,0
8880,0
8881,0
8882,0
8883,0
8884,1
8885,1
8886,1
8887,0
8888,0
8889,0
8890,0
8891,1
8892,0
8893,0
8894,1
8895,1
8896,0
8897,1
8898,0
8899,1
8900,0
8901,0
8902,0
8903,1
8904,0
8905,1
8906,1
8907,1
8908,0
8909,1
8910,0
8911,0
8912,0
8913,1
8914,0
8915,1
8916,0
8917,1
8918,0
8919,0
8920,0
8921,1
8922,0
8923,1
8924,0
8925,1
8926,1
8927,0
8928,0
8929,1
8930,1
8931,0
8932,0
8933,1
8934,1
8935,0
8936,0
8937,1
8938,1
8939,0
8940,1
8941,1
8942,1
8943,1
8944,1
8945,1
8946,0
8947,1
8948,0
8949,0
8950,1
8951,0
8952,0
8953,1
8954,1
8955,0
8956,1
8957,1
8958,0
8959,0
8960,0
8961,1
8962,1
8963,0
8964,1
8965,0
8966,0
8967,0
8968,1
8969,0
8970,1
8971,0
8972,0
8973,0
8974,0
8975,0
8976,0
8977,0
8978,1
8979,0
8980,1
8981,0
8982,0
8983,0
8984,0
8985,0
8986,0
8987,1
8988,1
8989,1
8990,0
8991,1
8992,1
8993,0
8994,0
8995,1
8996,1
8997,0
8998,1
8999,0
9000,1
9001,0
9002,1
9003,0
9004,0
9005,0
9006,1
9007,0
9008,1
9009,0
9010,0
9011,0
9012,1
9013,1
9014,1
9015,0
9016,0
9017,0
9018,0
9019,1
9020,0
9021,1
9022,0
9023,0
9024,0
9025,1
9026,0
9027,0
9028,1
9029,1
9030,1
9031,0
9032,1
9033,0
9034,0
9035,1
9036,0
9037,1
9038,0
9039,1
9040,0
9041,0
9042,1
9043,0
9044,0
9045,0
9046,1
9047,1
9048,0
9049,1
9050,1
9051,1
9052,0
9053,1
9054,1
9055,0
9056,1
9057,0
9058,0
9059,0
9060,0
9061,0
9062,0
9063,1
9064,0
9065,1
9066,0
9067,1
9068,0
9069,0
9070,0
9071,0
9072,0
9073,0
9074,0
9075,0
9076,0
9077,0
9078,0
9079,0
9080,0
9081,0
9082,1
9083,0
9084,0
9085,1
9086,0
9087,0
9088,1
9089,1
9090,1
9091,1
9092,0
9093,1
9094,1
9095,1
9096,1
9097,0
9098,0
9099,0
9100,1
9101,1
9102,1
9103,0
9104,0
9105,0
9106,0
9107,0
9108,0
9109,0
9110,0
9111,1
9112,0
9113,1
9114,0
9115,0
9116,0
9117,1
9118,0
9119,1
9120,1
9121,0
9122,1
9123,1
9124,0
9125,1
9126,1
9127,1
9128,0
9129,1
9130,1
9131,1
9132,0
9133,0
9134,0
9135,0
9136,0
9137,1
9138,0
9139,0
9140,0
9141,1
9142,0
9143,1
9144,0
9145,0
9146,0
9147,0
9148,1
9149,0
9150,1
9151,0
9152,0
9153,0
9154,1
9155,0
9156,0
9157,1
9158,0
9159,1
9160,0
9161,1
9162,0
9163,0
9164,1
9165,0
9166,0
9167,1
9168,1
9169,1
9170,1
9171,1
9172,1
9173,1
9174,1
9175,0
9176,0
9177,0
9178,1
9179,0
9180,0
9181,1
9182,0
9183,1
9184,0
9185,0
9186,0
9187,0
9188,1
9189,1
9190,1
9191,0
9192,1
9193,1
9194,0
9195,0
9196,0
9197,1
9198,1
9199,1
9200,0
9201,0
9202,0
9203,1
9204,0
9205,0
9206,1
9207,0
9208,1
9209,1
9210,1
9211,0
9212,0
9213,1
9214,0
9215,0
9216,0
9217,0
9218,1
9219,1
9220,1
9221,0
9222,0
9223,0
9224,1
9225,0
9226,0
9227,1
9228,1
9229,0
9230,0
9231,0
9232,0
9233,0
9234,1
9235,1
9236,0
9237,0
9238,0
9239,0
9240,1
9241,0
9242,1
9243,1
9244,0
9245,0
9246,1
9247,0
9248,1
9249,0
9250,0
9251,0
9252,0
9253,0
9254,0
9255,1
9256,0
9257,0
9258,1
9259,0
9260,1
9261,1
9262,0
9263,0
9264,1
9265,1
9266,1
9267,0
9268,0
9269,0
9270,1
9271,0
9272,0
9273,0
9274,0
9275,0
9276,1
9277,1
9278,1
9279,1
9280,0
9281,0
9282,0
9283,0
9284,1
9285,1
9286,0
9287,0
9288,1
9289,1
9290,0
9291,0
9292,1
9293,1
9294,0
9295,0
9296,0
9297,0
9298,1
9299,0
9300,1
9301,1
9302,1
9303,0
9304,0
9305,0
9306,0
9307,1
9308,0
9309,0
9310,0
9311,1
9312,0
9313,1
9314,0
9315,1
9316,1
9317,1
9318,1
9319,0
9320,0
9321,0
9322,0
9323,0
9324,1
9325,1
9326,0
9327,0
9328,1
9329,0
9330,1
9331,0
9332,0
9333,0
9334,1
9335,0
9336,0
9337,1
9338,0
9339,0
9340,1
9341,0
9342,1
9343,0
9344,1
9345,0
9346,0
9347,1
9348,0
9349,0
9350,0
9351,0
9352,0
9353,0
9354,0
9355,0
9356,1
9357,1
9358,0
9359,1
9360,1
9361,1
9362,0
9363,0
9364,0
9365,0
9366,0
9367,0
9368,1
9369,0
9370,0
9371,0
9372,1
9373,0
9374,1
9375,1
9376,1
9377,0
9378,0
9379,0
9380,1
9381,0
9382,1
9383,1
9384,1
9385,0
9386,0
9387,0
9388,0
9389,1
9390,1
9391,0
9392,0
9393,1
9394,0
9395,1
9396,0
9397,0
9398,0
9399,0
9400,0
9401,0
9402,0
9403,1
9404,1
9405,1
9406,1
9407,0
9408,1
9409,0
9410,1
9411,1
9412,0
9413,1
9414,1
9415,0
9416,0
9417,0
9418,1
9419,1
9420,0
9421,1
9422,0
9423,0
9424,0
9425,1
9426,0
9427,1
9428,0
9429,0
9430,1
9431,0
9432,0
9433,0
9434,0
9435,1
9436,0
9437,0
9438,1
9439,0
9440,1
9441,1
9442,0
9443,0
9444,1
9445,0
9446,1
9447,1
9448,0
9449,1
9450,0
9451,0
9452,1
9453,1
9454,1
9455,1
9456,0
9457,0
9458,0
9459,0
9460,1
9461,0
9462,1
9463,1
9464,1
9465,0
9466,0
9467,0
9468,0
9469,1
9470,0
9471,0
9472,0
9473,1
9474,1
9475,1
9476,0
9477,1
9478,0
9479,0
9480,0
9481,0
9482,1
9483,0
9484,0
9485,0
9486,0
9487,0
9488,1
9489,0
9490,0
9491,0
9492,1
9493,1
9494,0
9495,0
9496,0
9497,0
9498,1
9499,0
9500,0
9501,0
9502,1
9503,1
9504,1
9505,1
9506,0
9507,1
9508,1
9509,1
9510,1
9511,0
9512,1
9513,1
9514,0
9515,0
9516,0
9517,1
9518,1
9519,0
9520,1
9521,0
9522,0
9523,0
9524,0
9525,0
9526,1
9527,0
9528,1
9529,0
9530,1
9531,1
9532,0
9533,1
9534,0
9535,1
9536,1
9537,1
9538,1
9539,0
9540,1
9541,1
9542,1
9543,0
9544,0
9545,1
9546,0
9547,0
9548,1
9549,0
9550,0
9551,0
9552,0
9553,0
9554,0
9555,0
9556,1
9557,0
9558,1
9559,0
9560,0
9561,1
9562,1
9563,0
9564,0
9565,0
9566,0
9567,0
9568,0
9569,0
9570,0
9571,1
9572,0
9573,0
9574,0
9575,0
9576,0
9577,0
9578,1
9579,0
9580,1
9581,0
9582,0
9583,0
9584,0
9585,0
9586,0
9587,1
9588,1
9589,0
9590,0
9591,1
9592,1
9593,0
9594,1
9595,1
9596,0
9597,0
9598,0
9599,0
9600,0
9601,1
9602,0
9603,1
9604,0
9605,0
9606,0
9607,0
9608,1
9609,0
9610,1
9611,0
9612,0
9613,0
9614,1
9615,1
9616,1
9617,1
9618,0
9619,0
9620,1
9621,0
9622,0
9623,1
9624,0
9625,1
9626,0
9627,0
9628,1
9629,1
9630,0
9631,0
9632,0
9633,1
9634,0
9635,1
9636,0
9637,0
9638,1
9639,0
9640,0
9641,0
9642,0
9643,0
9644,1
9645,1
9646,1
9647,0
9648,0
9649,1
9650,1
9651,0
9652,1
9653,1
9654,1
9655,1
9656,1
9657,1
9658,0
9659,1
9660,0
9661,0
9662,1
9663,0
9664,0
9665,0
9666,1
9667,1
9668,0
9669,1
9670,1
9671,0
9672,0
9673,1
9674,1
9675,1
9676,0
9677,1
9678,1
9679,0
9680,0
9681,1
9682,0
9683,1
9684,0
9685,0
9686,1
9687,1
9688,1
9689,0
9690,0
9691,0
9692,1
9693,1
9694,0
9695,1
9696,0
9697,0
9698,1
9699,0
9700,0
9701,0
9702,0
9703,0
9704,0
9705,0
9706,1
9707,0
9708,1
9709,0
9710,0
9711,0
9712,0
9713,0
9714,0
9715,1
9716,1
9717,1
9718,1
9719,0
9720,1
9721,0
9722,0
9723,1
9724,0
9725,0
9726,0
9727,1
9728,0
9729,1
9730,0
9731,0
9732,0
9733,1
9734,1
9735,1
9736,1
9737,0
9738,1
9739,0
9740,0
9741,1
9742,1
9743,0
9744,1
9745,1
9746,0
9747,0
9748,1
9749,0
9750,0
9751,0
9752,0
9753,0
9754,0
9755,0
9756,1
9757,1
9758,0
9759,0
9760,0
9761,0
9762,1
9763,0
9764,1
9765,0
9766,1
9767,1
9768,0
9769,0
9770,1
9771,0
9772,0
9773,1
9774,0
9775,1
9776,0
9777,1
9778,0
9779,1
9780,0
9781,0
9782,0
9783,0
9784,0
9785,1
9786,0
9787,0
9788,0
9789,1
9790,0
9791,1
9792,1
9793,0
9794,1
9795,1
9796,0
9797,1
9798,0
9799,1
9800,0
9801,0
9802,0
9803,0
9804,0
9805,1
9806,0
9807,0
9808,0
9809,0
9810,0
9811,0
9812,0
9813,1
9814,0
9815,0
9816,0
9817,0
9818,1
9819,0
9820,1
9821,0
9822,0
9823,0
9824,0
9825,0
9826,0
9827,0
9828,0
9829,0
9830,1
9831,0
9832,0
9833,0
9834,1
9835,0
9836,0
9837,0
9838,0
9839,0
9840,0
9841,1
9842,0
9843,0
9844,0
9845,0
9846,0
9847,0
9848,0
9849,0
9850,1
9851,0
9852,1
9853,1
9854,0
9855,1
9856,1
9857,0
9858,0
9859,0
9860,1
9861,1
9862,1
9863,0
9864,1
9865,1
9866,0
9867,0
9868,1
9869,0
9870,0
9871,0
9872,0
9873,0
9874,1
9875,1
9876,0
9877,0
9878,1
9879,0
9880,0
9881,0
9882,1
9883,0
9884,0
9885,0
9886,0
9887,0
9888,1
9889,1
9890,1
9891,0
9892,0
9893,0
9894,0
9895,1
9896,0
9897,0
9898,0
9899,1
9900,0
9901,0
9902,1
9903,1
9904,1
9905,0
9906,1
9907,0
9908,0
9909,0
9910,1
9911,1
9912,0
9913,0
9914,1
9915,1
9916,1
9917,0
9918,1
9919,1
9920,1
9921,0
9922,0
9923,0
9924,1
9925,0
9926,0
9927,0
9928,0
9929,0
9930,0
9931,0
9932,0
9933,0
9934,0
9935,1
9936,0
9937,0
9938,0
9939,0
9940,0
9941,0
9942,0
9943,1
9944,1
9945,0
9946,1
9947,0
9948,1
9949,0
9950,0
9951,0
9952,0
9953,0
9954,0
9955,0
9956,1
9957,0
9958,0
9959,0
9960,1
9961,0
9962,0
9963,1
9964,0
9965,0
9966,1
9967,0
9968,1
9969,0
9970,0
9971,0
9972,0
9973,0
9974,0
9975,0
9976,0
9977,1
9978,1
9979,1
9980,1
9981,1
9982,1
9983,1
9984,0
9985,0
9986,1
9987,0
9988,0
9989,1
9990,0
9991,0
9992,0
9993,0
9994,0
9995,0
9996,1
9997,1
9998,0
9999,0
